StasjonsNavn,StrekningsProsjekt,date,MaalepunktID,Lat,Lon,PostKode,AarligForbruk,ForbruksVerdi,Temperatur
743.201,E39 Mandal øst-Mandal by,2021-09-30,7.070575000765196e+17,58.094500000000004,7.62378,4516.0,17402.0,1.8505357142857142,13.469642857142858
743.201,E39 Mandal øst-Mandal by,2021-10-31,7.070575000765196e+17,58.094500000000004,7.62378,4516.0,17402.0,1.8951069892473118,10.747854838709676
743.201,E39 Mandal øst-Mandal by,2021-11-30,6.834889167406355e+17,56.15801666666667,7.369654,4365.466666666666,16821.933333333334,1.8531944444444444,6.1288888888888895
743.201,E39 Mandal øst-Mandal by,2021-12-31,6.826762069704326e+17,56.091241379310354,7.360891034482759,4360.275862068966,16801.931034482757,1.7532471264367815,0.4889367816091954
743.202,E39 Mandal øst-Mandal by,2021-08-31,7.070575000765212e+17,58.067910000000005,7.53446,4516.0,108627.0,9.930916666666667,16.56416666666667
743.202,E39 Mandal øst-Mandal by,2021-09-30,7.070575000765212e+17,58.067910000000005,7.53446,4516.0,108627.0,11.308444444444444,14.158333333333333
743.202,E39 Mandal øst-Mandal by,2021-10-31,7.070575000765212e+17,58.067910000000005,7.53446,4516.0,108627.0,11.242318817204302,10.747854838709676
743.202,E39 Mandal øst-Mandal by,2021-11-30,6.834889167406372e+17,56.132313,7.283311333333334,4365.466666666666,105006.1,10.849291666666666,6.1288888888888895
743.202,E39 Mandal øst-Mandal by,2021-12-31,6.826762069704343e+17,56.06556827586208,7.274651034482758,4360.275862068966,104881.24137931035,10.886738505747127,0.4889367816091954
Bråten bru,E18 Arendal-Tvedestrand,2021-01-31,7.070575000763985e+17,58.5771,8.90563,4849.0,44520.0,8.204126344086022,-3.7447580645161294
Bråten bru,E18 Arendal-Tvedestrand,2021-02-28,7.070575000763986e+17,58.57710000000001,8.90563,4849.0,44520.0,7.10375,-2.129761904761905
Bråten bru,E18 Arendal-Tvedestrand,2021-03-31,7.070575000763985e+17,58.5771,8.90563,4849.0,44520.0,5.463591047218326,3.6749532491818604
Bråten bru,E18 Arendal-Tvedestrand,2021-04-30,7.070575000763986e+17,58.5771,8.90563,4849.0,44520.0,4.133208333333333,4.92125
Bråten bru,E18 Arendal-Tvedestrand,2021-05-31,7.070575000763985e+17,58.5771,8.90563,4849.0,44520.0,2.8936021505376344,9.45
Bråten bru,E18 Arendal-Tvedestrand,2021-06-30,7.070575000763986e+17,58.5771,8.90563,4849.0,44520.0,2.241027777777778,15.854999999999999
Bråten bru,E18 Arendal-Tvedestrand,2021-07-31,7.070575000763985e+17,58.5771,8.90563,4849.0,44520.0,2.478145161290323,18.305913978494623
Bråten bru,E18 Arendal-Tvedestrand,2021-08-31,7.070575000763985e+17,58.5771,8.90563,4849.0,44520.0,3.2626075268817205,15.153897849462366
Bråten bru,E18 Arendal-Tvedestrand,2021-09-30,6.599203334046387e+17,54.671960000000006,8.311921333333334,4525.733333333334,41552.0,4.046152777777778,11.999027777777778
Bråten bru,E18 Arendal-Tvedestrand,2021-10-31,6.842491936223213e+17,56.68751612903226,8.618351612903226,4692.580645161291,43083.87096774193,5.405487634408603,8.809252688172043
Bråten bru,E18 Arendal-Tvedestrand,2021-11-30,6.834889167405187e+17,56.62453000000001,8.608775666666668,4687.366666666667,43036.0,7.062277777777778,3.842638888888889
Bråten bru,E18 Arendal-Tvedestrand,2021-12-31,6.826762069703159e+17,56.55720000000001,8.598539310344828,4681.793103448276,42984.8275862069,8.19242816091954,-2.311494252873563
Europaveien0,E18 Tvedestrand-Bamble,2021-01-31,7.070575000423187e+17,59.00007,9.59379,3967.0,81564.0,24.94602419354839,0.0
Europaveien0,E18 Tvedestrand-Bamble,2021-02-28,7.070575000423187e+17,59.00007,9.59379,3967.0,81564.0,28.834699404761903,0.0
Europaveien0,E18 Tvedestrand-Bamble,2021-03-31,7.070575000423187e+17,59.00007,9.59379,3967.0,81564.0,19.762573457223002,0.0
Europaveien0,E18 Tvedestrand-Bamble,2021-04-30,7.070575000423187e+17,59.00007,9.59379,3967.0,81564.0,2.8680458333333334,0.0
Europaveien0,E18 Tvedestrand-Bamble,2021-05-31,7.070575000423187e+17,59.00007,9.59379,3967.0,81564.0,2.554956989247312,0.0
Europaveien0,E18 Tvedestrand-Bamble,2021-06-30,7.070575000423187e+17,59.00007,9.59379,3967.0,81564.0,2.018034722222222,0.0
Europaveien0,E18 Tvedestrand-Bamble,2021-07-31,7.070575000423187e+17,59.00007,9.59379,3967.0,81564.0,5.19919623655914,0.0
Europaveien0,E18 Tvedestrand-Bamble,2021-08-31,7.070575000423187e+17,59.00007,9.59379,3967.0,81564.0,7.52489247311828,0.0
Europaveien0,E18 Tvedestrand-Bamble,2021-09-30,6.599203333728308e+17,55.066732,8.954204,3702.5333333333333,76126.4,3.5754375,0.0
Europaveien0,E18 Tvedestrand-Bamble,2021-10-31,6.842491935893408e+17,57.096841935483866,9.284312903225805,3839.032258064516,78932.90322580645,4.583780645161291,0.0
Europaveien0,E18 Tvedestrand-Bamble,2021-11-30,6.834889167075747e+17,57.033401000000005,9.273997000000001,3834.766666666667,78845.2,6.238033333333333,0.0
Europaveien0,E18 Tvedestrand-Bamble,2021-12-31,6.582949138325037e+17,54.93109965517242,8.932149310344828,3693.4137931034484,75938.89655172414,19.24829885057471,0.0
Europaveien1,E18 Tvedestrand-Bamble,2021-01-31,7.070575000423187e+17,59.00235,9.61643,3967.0,28085.0,4.44592876344086,0.0
Europaveien1,E18 Tvedestrand-Bamble,2021-02-28,7.070575000423187e+17,59.00235,9.61643,3967.0,28085.0,3.8325372023809523,0.0
Europaveien1,E18 Tvedestrand-Bamble,2021-03-31,7.070575000423187e+17,59.00235,9.61643,3967.0,28085.0,3.062526355773726,0.0
Europaveien1,E18 Tvedestrand-Bamble,2021-04-30,7.070575000423187e+17,59.00235,9.61643,3967.0,28085.0,2.4301861111111114,0.0
Europaveien1,E18 Tvedestrand-Bamble,2021-05-31,7.070575000423187e+17,59.00235,9.61643,3967.0,28085.0,2.1913077956989246,0.0
Europaveien1,E18 Tvedestrand-Bamble,2021-06-30,7.070575000423187e+17,59.00235,9.61643,3967.0,28085.0,1.732351388888889,0.0
Europaveien1,E18 Tvedestrand-Bamble,2021-07-31,7.070575000423187e+17,59.00235,9.61643,3967.0,28085.0,1.9088521505376344,0.0
Europaveien1,E18 Tvedestrand-Bamble,2021-08-31,7.070575000423187e+17,59.00235,9.61643,3967.0,28085.0,2.501452956989247,0.0
Europaveien1,E18 Tvedestrand-Bamble,2021-09-30,6.599203333728308e+17,55.06886,8.975334666666667,3702.5333333333333,26212.666666666668,3.057272222222222,0.0
Europaveien1,E18 Tvedestrand-Bamble,2021-10-31,6.842491935893408e+17,57.09904838709677,9.30622258064516,3839.032258064516,27179.032258064515,3.9011667204301075,0.0
Europaveien1,E18 Tvedestrand-Bamble,2021-11-30,6.834889167075747e+17,57.035605000000004,9.295882333333333,3834.766666666667,27148.833333333332,4.6232875,0.0
Europaveien1,E18 Tvedestrand-Bamble,2021-12-31,6.582949138325037e+17,54.933222413793104,8.953227931034482,3693.4137931034484,26148.103448275862,3.8461250000000002,0.0
Europaveien10,E18 Tvedestrand-Bamble,2021-01-31,7.070575000423187e+17,59.00902,9.62682,3967.0,26355.0,4.204232526881721,0.0
Europaveien10,E18 Tvedestrand-Bamble,2021-02-28,7.070575000423187e+17,59.00902,9.62682,3967.0,26355.0,3.6120357142857142,0.0
Europaveien10,E18 Tvedestrand-Bamble,2021-03-31,7.070575000423187e+17,59.00902,9.62682,3967.0,26355.0,2.8744745208041143,0.0
Europaveien10,E18 Tvedestrand-Bamble,2021-04-30,7.070575000423187e+17,59.00902,9.62682,3967.0,26355.0,2.238840277777778,0.0
Europaveien10,E18 Tvedestrand-Bamble,2021-05-31,7.070575000423187e+17,59.00902,9.62682,3967.0,26355.0,2.00467876344086,0.0
Europaveien10,E18 Tvedestrand-Bamble,2021-06-30,7.070575000423187e+17,59.00902,9.62682,3967.0,26355.0,1.551113888888889,0.0
Europaveien10,E18 Tvedestrand-Bamble,2021-07-31,7.070575000423187e+17,59.00902,9.62682,3967.0,26355.0,1.725364247311828,0.0
Europaveien10,E18 Tvedestrand-Bamble,2021-08-31,7.070575000423187e+17,59.00902,9.62682,3967.0,26355.0,2.3121801075268817,0.0
Europaveien10,E18 Tvedestrand-Bamble,2021-09-30,6.599203333728308e+17,55.07508533333333,8.985032,3702.5333333333333,24598.0,2.8794583333333335,0.0
Europaveien10,E18 Tvedestrand-Bamble,2021-10-31,6.842491935893408e+17,57.10550322580645,9.316277419354838,3839.032258064516,25504.83870967742,3.7213857526881724,0.0
Europaveien10,E18 Tvedestrand-Bamble,2021-11-30,6.834889167075747e+17,57.04205266666667,9.305926,3834.766666666667,25476.5,4.402109722222222,0.0
Europaveien10,E18 Tvedestrand-Bamble,2021-12-31,6.826762069374112e+17,56.974226206896546,9.294860689655174,3830.206896551724,25446.206896551725,3.4960387931034482,0.0
Europaveien11,E18 Tvedestrand-Bamble,2021-01-31,7.070575000423187e+17,59.013650000000005,9.64303,3967.0,30366.0,4.639255376344086,0.0
Europaveien11,E18 Tvedestrand-Bamble,2021-02-28,7.070575000423187e+17,59.013650000000005,9.64303,3967.0,30366.0,4.095361607142857,0.0
Europaveien11,E18 Tvedestrand-Bamble,2021-03-31,7.070575000423187e+17,59.013650000000005,9.64303,3967.0,30366.0,3.370181626928471,0.0
Europaveien11,E18 Tvedestrand-Bamble,2021-04-30,7.070575000423187e+17,59.013650000000005,9.64303,3967.0,30366.0,2.778023611111111,0.0
Europaveien11,E18 Tvedestrand-Bamble,2021-05-31,7.070575000423187e+17,59.013650000000005,9.64303,3967.0,30366.0,2.5436505376344085,0.0
Europaveien11,E18 Tvedestrand-Bamble,2021-06-30,7.070575000423187e+17,59.013650000000005,9.64303,3967.0,30366.0,2.1400805555555555,0.0
Europaveien11,E18 Tvedestrand-Bamble,2021-07-31,7.070575000423187e+17,59.013650000000005,9.64303,3967.0,30366.0,2.2948252688172044,0.0
Europaveien11,E18 Tvedestrand-Bamble,2021-08-31,7.070575000423187e+17,59.013650000000005,9.64303,3967.0,30366.0,2.8508548387096777,0.0
Europaveien11,E18 Tvedestrand-Bamble,2021-09-30,6.599203333728308e+17,55.07940666666668,9.000161333333333,3702.5333333333333,28341.6,3.2895375000000002,0.0
Europaveien11,E18 Tvedestrand-Bamble,2021-10-31,6.842491935893408e+17,57.109983870967746,9.33196451612903,3839.032258064516,29386.451612903227,4.060158494623656,0.0
Europaveien11,E18 Tvedestrand-Bamble,2021-11-30,6.834889167075747e+17,57.046528333333335,9.321595666666667,3834.766666666667,29353.8,4.737705555555555,0.0
Europaveien11,E18 Tvedestrand-Bamble,2021-12-31,6.582949138325037e+17,54.943743103448284,8.977993448275862,3693.4137931034484,28271.793103448275,3.772625,0.0
Europaveien2,E18 Tvedestrand-Bamble,2021-01-31,7.070575000423187e+17,59.01721,9.65601,3967.0,20885.0,3.2984650537634406,0.0
Europaveien2,E18 Tvedestrand-Bamble,2021-02-28,7.070575000423187e+17,59.01721,9.65601,3967.0,20885.0,2.842845238095238,0.0
Europaveien2,E18 Tvedestrand-Bamble,2021-03-31,7.070575000423187e+17,59.01721,9.65601,3967.0,20885.0,2.2856105072463766,0.0
Europaveien2,E18 Tvedestrand-Bamble,2021-04-30,7.070575000423187e+17,59.01721,9.65601,3967.0,20885.0,1.7955680555555555,0.0
Europaveien2,E18 Tvedestrand-Bamble,2021-05-31,7.070575000423187e+17,59.01721,9.65601,3967.0,20885.0,1.6149852150537634,0.0
Europaveien2,E18 Tvedestrand-Bamble,2021-06-30,7.070575000423187e+17,59.01721,9.65601,3967.0,20885.0,1.2583875,0.0
Europaveien2,E18 Tvedestrand-Bamble,2021-07-31,7.070575000423187e+17,59.01721,9.65601,3967.0,20885.0,1.3924784946236557,0.0
Europaveien2,E18 Tvedestrand-Bamble,2021-08-31,7.070575000423187e+17,59.01721,9.65601,3967.0,20885.0,1.8442809139784946,0.0
Europaveien2,E18 Tvedestrand-Bamble,2021-09-30,6.599203333728308e+17,55.08272933333333,9.012276000000002,3702.5333333333333,19492.666666666668,2.2778319444444444,0.0
Europaveien2,E18 Tvedestrand-Bamble,2021-10-31,6.842491935893408e+17,57.11342903225806,9.344525806451612,3839.032258064516,20211.290322580644,2.947206612903226,0.0
Europaveien2,E18 Tvedestrand-Bamble,2021-11-30,6.834889167075747e+17,57.04996966666667,9.334143000000001,3834.766666666667,20188.833333333332,3.504001388888889,0.0
Europaveien2,E18 Tvedestrand-Bamble,2021-12-31,6.582949138325037e+17,54.947057586206896,8.990078275862068,3693.4137931034484,19444.655172413793,2.7543864942528735,0.0
Europaveien3,E18 Tvedestrand-Bamble,2021-01-31,7.070575000423187e+17,59.0215,9.6714,3967.0,38201.0,6.04315188172043,0.0
Europaveien3,E18 Tvedestrand-Bamble,2021-02-28,7.070575000423187e+17,59.0215,9.6714,3967.0,38201.0,5.199620535714286,0.0
Europaveien3,E18 Tvedestrand-Bamble,2021-03-31,7.070575000423187e+17,59.0215,9.6714,3967.0,38201.0,4.151255843852267,0.0
Europaveien3,E18 Tvedestrand-Bamble,2021-04-30,7.070575000423187e+17,59.021499999999996,9.6714,3967.0,38201.0,3.2761958333333334,0.0
Europaveien3,E18 Tvedestrand-Bamble,2021-05-31,7.070575000423187e+17,59.0215,9.6714,3967.0,38201.0,2.9528494623655916,0.0
Europaveien3,E18 Tvedestrand-Bamble,2021-06-30,7.070575000423187e+17,59.021499999999996,9.6714,3967.0,38201.0,2.3026861111111114,0.0
Europaveien3,E18 Tvedestrand-Bamble,2021-07-31,7.070575000423187e+17,59.0215,9.6714,3967.0,38201.0,2.556135752688172,0.0
Europaveien3,E18 Tvedestrand-Bamble,2021-08-31,7.070575000423187e+17,59.0215,9.6714,3967.0,38201.0,3.394548387096774,0.0
Europaveien3,E18 Tvedestrand-Bamble,2021-09-30,6.599203333728308e+17,55.086733333333335,9.026639999999999,3702.5333333333333,35654.26666666667,4.182465277777777,0.0
Europaveien3,E18 Tvedestrand-Bamble,2021-10-31,6.842491935893408e+17,57.11758064516129,9.35941935483871,3839.032258064516,36968.709677419356,5.400632741935484,0.0
Europaveien3,E18 Tvedestrand-Bamble,2021-11-30,6.834889167075747e+17,57.05411666666667,9.34902,3834.766666666667,36927.63333333333,6.3980402777777785,0.0
Europaveien3,E18 Tvedestrand-Bamble,2021-12-31,6.826762069374112e+17,56.98627586206897,9.337903448275862,3830.206896551724,36883.724137931036,4.571755747126437,0.0
Europaveien4,E18 Tvedestrand-Bamble,2021-06-30,7.070575000423187e+17,59.001569999999994,9.60494,3967.0,20558.0,1.1479125000000001,0.0
Europaveien4,E18 Tvedestrand-Bamble,2021-07-31,7.070575000423187e+17,59.001569999999994,9.60494,3967.0,20558.0,1.283337365591398,0.0
Europaveien4,E18 Tvedestrand-Bamble,2021-08-31,7.070575000423187e+17,59.001569999999994,9.60494,3967.0,20558.0,1.7385887096774195,0.0
Europaveien4,E18 Tvedestrand-Bamble,2021-09-30,6.599203333728308e+17,55.06813199999999,8.964610666666665,3702.5333333333333,19187.466666666667,2.1760527777777776,0.0
Europaveien4,E18 Tvedestrand-Bamble,2021-10-31,6.842491935893408e+17,57.09829354838709,9.29510322580645,3839.032258064516,19894.83870967742,2.8000327419354836,0.0
Europaveien4,E18 Tvedestrand-Bamble,2021-11-30,6.834889167075747e+17,57.034850999999996,9.284775333333332,3834.766666666667,19872.733333333334,3.3245833333333334,0.0
Europaveien4,E18 Tvedestrand-Bamble,2021-12-31,6.826762069374112e+17,56.967033103448266,9.273735172413792,3830.206896551724,19849.103448275862,2.508525862068965,0.0
Europaveien5,E18 Tvedestrand-Bamble,2021-01-31,7.070575000423186e+17,58.97495,9.52533,3967.0,18918.0,3.3920739247311826,0.0
Europaveien5,E18 Tvedestrand-Bamble,2021-02-28,7.070575000423186e+17,58.97495,9.52533,3967.0,18918.0,2.909327380952381,0.0
Europaveien5,E18 Tvedestrand-Bamble,2021-03-31,7.070575000423186e+17,58.97495,9.52533,3967.0,18918.0,2.3178384759233284,0.0
Europaveien5,E18 Tvedestrand-Bamble,2021-04-30,7.070575000423186e+17,58.97495,9.52533,3967.0,18918.0,1.8057958333333335,0.0
Europaveien5,E18 Tvedestrand-Bamble,2021-05-31,7.070575000423186e+17,58.97495,9.52533,3967.0,18918.0,1.5658360215053764,0.0
Europaveien5,E18 Tvedestrand-Bamble,2021-06-30,7.070575000423186e+17,58.97495,9.52533,3967.0,18918.0,1.2042541666666666,0.0
Europaveien5,E18 Tvedestrand-Bamble,2021-07-31,7.070575000423186e+17,58.97495,9.52533,3967.0,18918.0,1.3465268817204301,0.0
Europaveien5,E18 Tvedestrand-Bamble,2021-08-31,7.070575000423186e+17,58.97495,9.52533,3967.0,18918.0,1.8230309139784946,0.0
Europaveien5,E18 Tvedestrand-Bamble,2021-09-30,6.599203333728306e+17,55.04328666666667,8.890308000000001,3702.5333333333333,17656.8,2.285488888888889,0.0
Europaveien5,E18 Tvedestrand-Bamble,2021-10-31,6.842491935893407e+17,57.07253225806451,9.21806129032258,3839.032258064516,18307.74193548387,2.9802812903225804,0.0
Europaveien5,E18 Tvedestrand-Bamble,2021-11-30,6.834889167075745e+17,57.009118333333326,9.207819,3834.766666666667,18287.4,3.5401000000000002,0.0
Europaveien5,E18 Tvedestrand-Bamble,2021-12-31,6.582949138325036e+17,54.907712068965516,8.868410689655173,3693.4137931034484,17613.310344827587,2.65882183908046,0.0
Europaveien6,E18 Tvedestrand-Bamble,2021-01-31,7.070575000423186e+17,58.971849999999996,9.51339,3967.0,35934.0,5.969368279569893,0.0
Europaveien6,E18 Tvedestrand-Bamble,2021-02-28,7.070575000423186e+17,58.971849999999996,9.51339,3967.0,35934.0,5.248098214285714,0.0
Europaveien6,E18 Tvedestrand-Bamble,2021-03-31,7.070575000423186e+17,58.971849999999996,9.51339,3967.0,35934.0,4.301107760635811,0.0
Europaveien6,E18 Tvedestrand-Bamble,2021-04-30,7.070575000423186e+17,58.971849999999996,9.51339,3967.0,35934.0,3.4376013888888886,0.0
Europaveien6,E18 Tvedestrand-Bamble,2021-05-31,7.070575000423186e+17,58.971849999999996,9.51339,3967.0,35934.0,2.5671895161290323,0.0
Europaveien6,E18 Tvedestrand-Bamble,2021-06-30,7.070575000423186e+17,58.971849999999996,9.51339,3967.0,35934.0,1.9769791666666665,0.0
Europaveien6,E18 Tvedestrand-Bamble,2021-07-31,7.070575000423186e+17,58.971849999999996,9.51339,3967.0,35934.0,2.202717741935484,0.0
Europaveien6,E18 Tvedestrand-Bamble,2021-08-31,7.070575000423186e+17,58.971849999999996,9.51339,3967.0,35934.0,2.9164946236559137,0.0
Europaveien6,E18 Tvedestrand-Bamble,2021-09-30,6.599203333728306e+17,55.04039333333333,8.879164,3702.5333333333333,33538.4,3.5869527777777774,0.0
Europaveien6,E18 Tvedestrand-Bamble,2021-10-31,6.842491935893407e+17,57.06953225806451,9.206506451612903,3839.032258064516,34774.83870967742,4.606219784946236,0.0
Europaveien6,E18 Tvedestrand-Bamble,2021-11-30,6.834889167075745e+17,57.006121666666665,9.196277,3834.766666666667,34736.2,5.489756944444445,0.0
Europaveien6,E18 Tvedestrand-Bamble,2021-12-31,6.582949138325036e+17,54.90482586206896,8.857294137931033,3693.4137931034484,33455.793103448275,4.8320560344827586,0.0
Europaveien7,E18 Tvedestrand-Bamble,2021-01-31,7.070575000423187e+17,58.97986,9.53643,3967.0,32626.0,5.046754032258065,0.0
Europaveien7,E18 Tvedestrand-Bamble,2021-02-28,7.070575000423187e+17,58.979859999999995,9.53643,3967.0,32626.0,4.402425595238095,0.0
Europaveien7,E18 Tvedestrand-Bamble,2021-03-31,7.070575000423187e+17,58.97986,9.53643,3967.0,32626.0,3.5816089294062645,0.0
Europaveien7,E18 Tvedestrand-Bamble,2021-04-30,7.070575000423187e+17,58.97986,9.53643,3967.0,32626.0,2.8877708333333336,0.0
Europaveien7,E18 Tvedestrand-Bamble,2021-05-31,7.070575000423187e+17,58.97986,9.53643,3967.0,32626.0,2.618845430107527,0.0
Europaveien7,E18 Tvedestrand-Bamble,2021-06-30,7.070575000423187e+17,58.97986,9.53643,3967.0,32626.0,2.134263888888889,0.0
Europaveien7,E18 Tvedestrand-Bamble,2021-07-31,7.070575000423187e+17,58.97986,9.53643,3967.0,32626.0,2.32377688172043,0.0
Europaveien7,E18 Tvedestrand-Bamble,2021-08-31,7.070575000423187e+17,58.97986,9.53643,3967.0,32626.0,2.9608051075268818,0.0
Europaveien7,E18 Tvedestrand-Bamble,2021-09-30,6.599203333728308e+17,55.04786933333333,8.900668,3702.5333333333333,30450.933333333334,3.5473125,0.0
Europaveien7,E18 Tvedestrand-Bamble,2021-10-31,6.842491935893408e+17,57.07728387096774,9.228803225806452,3839.032258064516,31573.548387096773,4.500082634408603,0.0
Europaveien7,E18 Tvedestrand-Bamble,2021-11-30,6.834889167075747e+17,57.01386466666667,9.218549,3834.766666666667,31538.466666666667,5.265706944444444,0.0
Europaveien7,E18 Tvedestrand-Bamble,2021-12-31,6.826762069374112e+17,56.94607172413793,9.207587586206897,3830.206896551724,31500.96551724138,3.9838347701149424,0.0
Europaveien8,E18 Tvedestrand-Bamble,2021-01-31,7.070575000423187e+17,58.987069999999996,9.56081,3967.0,40434.0,6.399608870967742,0.0
Europaveien8,E18 Tvedestrand-Bamble,2021-02-28,7.070575000423187e+17,58.987069999999996,9.56081,3967.0,40434.0,5.508346726190476,0.0
Europaveien8,E18 Tvedestrand-Bamble,2021-03-31,7.070575000423187e+17,58.987069999999996,9.56081,3967.0,40434.0,4.411397907900889,0.0
Europaveien8,E18 Tvedestrand-Bamble,2021-04-30,7.070575000423187e+17,58.987069999999996,9.56081,3967.0,40434.0,3.460711111111111,0.0
Europaveien8,E18 Tvedestrand-Bamble,2021-05-31,7.070575000423187e+17,58.987069999999996,9.56081,3967.0,40434.0,3.13267876344086,0.0
Europaveien8,E18 Tvedestrand-Bamble,2021-06-30,7.070575000423187e+17,58.987069999999996,9.56081,3967.0,40434.0,2.4484541666666666,0.0
Europaveien8,E18 Tvedestrand-Bamble,2021-07-31,7.070575000423187e+17,58.987069999999996,9.56081,3967.0,40434.0,2.7101586021505377,0.0
Europaveien8,E18 Tvedestrand-Bamble,2021-08-31,7.070575000423187e+17,58.987069999999996,9.56081,3967.0,40434.0,3.581237903225807,0.0
Europaveien8,E18 Tvedestrand-Bamble,2021-09-30,6.599203333728308e+17,55.05459866666666,8.923422666666665,3702.5333333333333,37738.4,4.3982833333333335,0.0
Europaveien8,E18 Tvedestrand-Bamble,2021-10-31,6.842491935893408e+17,57.08426129032257,9.252396774193548,3839.032258064516,39129.67741935484,5.6684413440860215,0.0
Europaveien8,E18 Tvedestrand-Bamble,2021-11-30,6.834889167075747e+17,57.02083433333333,9.242116333333334,3834.766666666667,39086.2,6.716956944444445,0.0
Europaveien8,E18 Tvedestrand-Bamble,2021-12-31,6.826762069374112e+17,56.95303310344827,9.231126896551723,3830.206896551724,39039.724137931036,4.025517241379311,0.0
Europaveien9,E18 Tvedestrand-Bamble,2021-01-31,7.070575000423187e+17,58.99295,9.57702,3967.0,27067.0,4.324549731182795,0.0
Europaveien9,E18 Tvedestrand-Bamble,2021-02-28,7.070575000423187e+17,58.99295,9.57702,3967.0,27067.0,3.711592261904762,0.0
Europaveien9,E18 Tvedestrand-Bamble,2021-03-31,7.070575000423187e+17,58.99295,9.57702,3967.0,27067.0,2.95047814399252,0.0
Europaveien9,E18 Tvedestrand-Bamble,2021-04-30,7.070575000423187e+17,58.99295,9.57702,3967.0,27067.0,2.294366666666667,0.0
Europaveien9,E18 Tvedestrand-Bamble,2021-05-31,7.070575000423187e+17,58.99295,9.57702,3967.0,27067.0,2.0456989247311825,0.0
Europaveien9,E18 Tvedestrand-Bamble,2021-06-30,7.070575000423187e+17,58.99295,9.57702,3967.0,27067.0,1.590325,0.0
Europaveien9,E18 Tvedestrand-Bamble,2021-07-31,7.070575000423187e+17,58.99295,9.57702,3967.0,27067.0,1.7694368279569892,0.0
Europaveien9,E18 Tvedestrand-Bamble,2021-08-31,7.070575000423187e+17,58.99295,9.57702,3967.0,27067.0,2.3684448924731183,0.0
Europaveien9,E18 Tvedestrand-Bamble,2021-09-30,6.599203333728308e+17,55.06008666666666,8.938551999999998,3702.5333333333333,25262.533333333333,2.947848611111111,0.0
Europaveien9,E18 Tvedestrand-Bamble,2021-10-31,6.842491935893408e+17,57.08995161290323,9.268083870967741,3839.032258064516,26193.870967741936,3.815888548387097,0.0
Europaveien9,E18 Tvedestrand-Bamble,2021-11-30,6.834889167075747e+17,57.026518333333335,9.257786,3834.766666666667,26164.766666666666,4.5280000000000005,0.0
Europaveien9,E18 Tvedestrand-Bamble,2021-12-31,6.826762069374112e+17,56.95871034482759,9.246777931034481,3830.206896551724,26133.655172413793,4.118176724137931,0.0
Fløyheia,E18 Arendal-Tvedestrand,2021-01-31,7.070575000764207e+17,58.62932,8.89756,4848.0,399504.0,37.55483870967742,-3.7447580645161294
Fløyheia,E18 Arendal-Tvedestrand,2021-02-28,7.070575000764207e+17,58.62932,8.89756,4848.0,399504.0,46.16428571428571,-2.129761904761905
Fløyheia,E18 Arendal-Tvedestrand,2021-03-31,7.070575000764207e+17,58.62932,8.89756,4848.0,399504.0,45.954207573632544,3.6749532491818604
Fløyheia,E18 Arendal-Tvedestrand,2021-04-30,7.070575000764207e+17,58.62932,8.89756,4848.0,399504.0,58.718333333333334,4.92125
Fløyheia,E18 Arendal-Tvedestrand,2021-05-31,7.070575000764207e+17,58.62932,8.89756,4848.0,399504.0,53.86129032258064,9.45
Fløyheia,E18 Arendal-Tvedestrand,2021-06-30,7.070575000764207e+17,58.62932,8.89756,4848.0,399504.0,63.809999999999995,15.854999999999999
Fløyheia,E18 Arendal-Tvedestrand,2021-07-31,7.070575000764207e+17,58.62932,8.89756,4848.0,399504.0,62.309677419354834,18.305913978494623
Fløyheia,E18 Arendal-Tvedestrand,2021-08-31,7.070575000764207e+17,58.62932,8.89756,4848.0,399504.0,54.21935483870968,15.153897849462366
Fløyheia,E18 Arendal-Tvedestrand,2021-09-30,6.599203334046593e+17,54.720698666666664,8.304389333333335,4524.8,372870.4,38.44166666666667,11.999027777777778
Fløyheia,E18 Arendal-Tvedestrand,2021-10-31,6.842491936223427e+17,56.73805161290323,8.610541935483871,4691.612903225807,386616.77419354836,31.97294623655914,8.809252688172043
Fløyheia,E18 Arendal-Tvedestrand,2021-11-30,6.8348891674054e+17,56.675009333333335,8.600974666666668,4686.4,386187.2,28.072777777777777,3.842638888888889
Fløyheia,E18 Arendal-Tvedestrand,2021-12-31,6.826762069703372e+17,56.60761931034482,8.590747586206897,4680.827586206897,385728.0,33.970689655172414,-2.311494252873563
Gamle Kongsveg,E6 Arnkvern-Moelv,2021-01-31,7.070575000218079e+17,60.85479,10.992600000000001,2320.0,0.0,7.08591935483871,-9.239516129032259
Gamle Kongsveg,E6 Arnkvern-Moelv,2021-02-28,7.070575000218079e+17,60.85479,10.992600000000001,2320.0,0.0,6.1613125,-6.994642857142858
Gamle Kongsveg,E6 Arnkvern-Moelv,2021-03-31,7.070575000218079e+17,60.85479,10.992600000000001,2320.0,0.0,5.041427594670407,1.385215053763441
Gamle Kongsveg,E6 Arnkvern-Moelv,2021-04-30,7.070575000218079e+17,60.85479,10.992600000000001,2320.0,0.0,3.882363888888889,3.9156944444444446
Gamle Kongsveg,E6 Arnkvern-Moelv,2021-05-31,7.070575000218079e+17,60.85479,10.992600000000001,2320.0,0.0,2.7682110215053766,9.46505376344086
Gamle Kongsveg,E6 Arnkvern-Moelv,2021-06-30,7.070575000218079e+17,60.85479,10.992600000000001,2320.0,0.0,2.0924069444444444,16.79486111111111
Gamle Kongsveg,E6 Arnkvern-Moelv,2021-07-31,7.070575000218079e+17,60.85479,10.992600000000001,2320.0,0.0,2.3855604838709676,18.208467741935483
Gamle Kongsveg,E6 Arnkvern-Moelv,2021-08-31,7.070575000218079e+17,60.85479,10.992600000000001,2320.0,0.0,3.465442204301075,14.702419354838709
Gamle Kongsveg,E6 Arnkvern-Moelv,2021-09-30,7.070575000218079e+17,60.85479,10.992600000000001,2320.0,0.0,4.467940277777777,11.625972222222224
Gamle Kongsveg,E6 Arnkvern-Moelv,2021-10-31,7.070575000218079e+17,60.85479,10.992600000000001,2320.0,0.0,5.503306989247312,7.309118279569892
Gamle Kongsveg,E6 Arnkvern-Moelv,2021-11-30,7.070575000218079e+17,60.85479,10.992600000000001,2320.0,0.0,6.706331944444444,0.413888888888889
Gamle Kongsveg,E6 Arnkvern-Moelv,2021-12-31,7.070575000218079e+17,60.85479,10.992600000000001,2320.0,0.0,7.259576149425287,-5.067385057471264
Gatelys,E6 Arnkvern-Moelv,2021-01-31,7.07057500020556e+17,60.90144,10.833149999999998,2360.0,0.0,4.586791666666667,0.0
Gatelys,E6 Arnkvern-Moelv,2021-02-28,7.07057500020556e+17,60.90144,10.833149999999998,2360.0,0.0,3.9631741071428572,0.0
Gatelys,E6 Arnkvern-Moelv,2021-03-31,7.07057500020556e+17,60.90144,10.833149999999998,2360.0,0.0,3.2448574684431977,0.0
Gatelys,E6 Arnkvern-Moelv,2021-04-30,7.07057500020556e+17,60.90144,10.833149999999998,2360.0,0.0,2.5088736111111114,0.0
Gatelys,E6 Arnkvern-Moelv,2021-05-31,7.07057500020556e+17,60.90144,10.833149999999998,2360.0,0.0,1.8088844086021507,0.0
Gatelys,E6 Arnkvern-Moelv,2021-06-30,7.07057500020556e+17,60.90144,10.833149999999998,2360.0,0.0,1.3830055555555556,0.0
Gatelys,E6 Arnkvern-Moelv,2021-07-31,7.07057500020556e+17,60.90144,10.833149999999998,2360.0,0.0,1.5886948924731183,0.0
Gatelys,E6 Arnkvern-Moelv,2021-08-31,7.07057500020556e+17,60.90144,10.833149999999998,2360.0,0.0,2.223685483870968,0.0
Gatelys,E6 Arnkvern-Moelv,2021-09-30,7.07057500020556e+17,60.90144,10.833149999999998,2360.0,0.0,2.9352430555555555,0.0
Gatelys,E6 Arnkvern-Moelv,2021-10-31,7.07057500020556e+17,60.90144,10.833149999999998,2360.0,0.0,3.6642583870967744,0.0
Gatelys,E6 Arnkvern-Moelv,2021-11-30,7.07057500020556e+17,60.90144,10.833149999999998,2360.0,0.0,4.213765277777778,0.0
Gatelys,E6 Arnkvern-Moelv,2021-12-31,7.07057500020556e+17,60.90144,10.83315,2360.0,0.0,4.617893678160919,0.0
Gongeveien,E18 Tvedestrand-Bamble,2021-06-30,7.070575000423186e+17,58.967639999999996,9.48388,3967.0,56480.0,3.082177777777778,0.0
Gongeveien,E18 Tvedestrand-Bamble,2021-07-31,7.070575000423186e+17,58.967639999999996,9.48388,3967.0,56480.0,3.413784946236559,0.0
Gongeveien,E18 Tvedestrand-Bamble,2021-08-31,7.070575000423186e+17,58.967639999999996,9.48388,3967.0,56480.0,4.5613306451612905,0.0
Gongeveien,E18 Tvedestrand-Bamble,2021-09-30,6.599203333728306e+17,55.036463999999995,8.851621333333332,3702.5333333333333,52714.666666666664,5.656795833333334,0.0
Gongeveien,E18 Tvedestrand-Bamble,2021-10-31,6.842491935893407e+17,57.06545806451613,9.177948387096773,3839.032258064516,54658.06451612903,7.257829086021506,0.0
Gongeveien,E18 Tvedestrand-Bamble,2021-11-30,6.834889167075745e+17,57.002052,9.167750666666667,3834.766666666667,54597.333333333336,8.629325,0.0
Gongeveien,E18 Tvedestrand-Bamble,2021-12-31,6.582949138325036e+17,54.90090620689655,8.829819310344828,3693.4137931034484,52584.8275862069,11.542227011494253,0.0
Grendstøl,E18 Tvedestrand-Bamble,2021-01-31,7.070575000764132e+17,58.61472,8.90255,4900.0,59150.0,10.498924731182797,0.0
Grendstøl,E18 Tvedestrand-Bamble,2021-02-28,7.070575000764132e+17,58.61472,8.90255,4900.0,59150.0,9.279761904761903,0.0
Grendstøl,E18 Tvedestrand-Bamble,2021-03-31,7.070575000764132e+17,58.61472,8.90255,4900.0,59150.0,7.247545582047685,0.0
Grendstøl,E18 Tvedestrand-Bamble,2021-04-30,7.070575000764132e+17,58.61472,8.90255,4900.0,59150.0,6.043333333333334,0.0
Grendstøl,E18 Tvedestrand-Bamble,2021-05-31,7.070575000764132e+17,58.61472,8.90255,4900.0,59150.0,4.587096774193548,0.0
Grendstøl,E18 Tvedestrand-Bamble,2021-06-30,7.070575000764132e+17,58.61472,8.90255,4900.0,59150.0,3.888888888888889,0.0
Grendstøl,E18 Tvedestrand-Bamble,2021-07-31,7.070575000764132e+17,58.61472,8.90255,4900.0,59150.0,4.116129032258065,0.0
Grendstøl,E18 Tvedestrand-Bamble,2021-08-31,7.070575000764132e+17,58.61472,8.90255,4900.0,59150.0,4.891397849462366,0.0
Grendstøl,E18 Tvedestrand-Bamble,2021-09-30,6.599203334046523e+17,54.707072000000004,8.309046666666667,4573.333333333333,55206.666666666664,5.411111111111111,0.0
Grendstøl,E18 Tvedestrand-Bamble,2021-10-31,6.842491936223354e+17,56.72392258064516,8.615370967741935,4741.935483870968,57241.93548387097,6.695483870967742,0.0
Grendstøl,E18 Tvedestrand-Bamble,2021-11-30,6.834889167405327e+17,56.660895999999994,8.605798333333333,4736.666666666667,57178.333333333336,8.36036111111111,0.0
Grendstøl,E18 Tvedestrand-Bamble,2021-12-31,6.8267620697033e+17,56.59352275862069,8.59556551724138,4731.0344827586205,57110.34482758621,10.132959770114944,0.0
Harpviken,E6 Arnkvern-Moelv,2021-01-31,7.070575000205724e+17,60.88737,10.892630000000002,2384.0,0.0,7.402123655913979,0.0
Harpviken,E6 Arnkvern-Moelv,2021-02-28,7.070575000205724e+17,60.88737,10.892630000000002,2384.0,0.0,6.386123511904762,0.0
Harpviken,E6 Arnkvern-Moelv,2021-03-31,7.070575000205724e+17,60.88737,10.892630000000002,2384.0,0.0,5.212535705937354,0.0
Harpviken,E6 Arnkvern-Moelv,2021-04-30,7.070575000205724e+17,60.88737,10.892630000000002,2384.0,0.0,4.015013888888889,0.0
Harpviken,E6 Arnkvern-Moelv,2021-05-31,7.070575000205724e+17,60.88737,10.892630000000002,2384.0,0.0,2.877747311827957,0.0
Harpviken,E6 Arnkvern-Moelv,2021-06-30,7.070575000205724e+17,60.88737,10.892630000000002,2384.0,0.0,2.302363888888889,0.0
Harpviken,E6 Arnkvern-Moelv,2021-07-31,7.070575000205724e+17,60.88737,10.892630000000002,2384.0,0.0,2.520475806451613,0.0
Harpviken,E6 Arnkvern-Moelv,2021-08-31,7.070575000205724e+17,60.88737,10.892630000000002,2384.0,0.0,3.648782258064516,0.0
Harpviken,E6 Arnkvern-Moelv,2021-09-30,7.070575000205724e+17,60.88737,10.892630000000002,2384.0,0.0,4.859316666666667,0.0
Harpviken,E6 Arnkvern-Moelv,2021-10-31,7.070575000205724e+17,60.88737,10.892630000000002,2384.0,0.0,6.238463279569892,0.0
Harpviken,E6 Arnkvern-Moelv,2021-11-30,7.070575000205724e+17,60.88737,10.892630000000002,2384.0,0.0,7.440293055555555,0.0
Harpviken,E6 Arnkvern-Moelv,2021-12-31,7.070575000205724e+17,60.88737,10.892630000000002,2384.0,0.0,8.379215517241379,0.0
Hesthaugtunnel,E18 Tvedestrand-Bamble,2021-01-31,7.070575000764118e+17,58.51903000000001,8.83875,4848.0,447268.0,35.37580645161291,-3.7447580645161294
Hesthaugtunnel,E18 Tvedestrand-Bamble,2021-02-28,7.070575000764118e+17,58.51903000000001,8.83875,4848.0,447268.0,45.769642857142856,-2.129761904761905
Hesthaugtunnel,E18 Tvedestrand-Bamble,2021-03-31,7.070575000764118e+17,58.51903000000001,8.83875,4848.0,447268.0,49.524684431977555,3.6749532491818604
Hesthaugtunnel,E18 Tvedestrand-Bamble,2021-04-30,7.070575000764118e+17,58.51903000000001,8.83875,4848.0,447268.0,71.52166666666668,4.92125
Hesthaugtunnel,E18 Tvedestrand-Bamble,2021-05-31,7.070575000764118e+17,58.51903000000001,8.83875,4848.0,447268.0,63.31612903225806,9.45
Hesthaugtunnel,E18 Tvedestrand-Bamble,2021-06-30,7.070575000764118e+17,58.51903000000001,8.83875,4848.0,447268.0,75.43333333333334,15.854999999999999
Hesthaugtunnel,E18 Tvedestrand-Bamble,2021-07-31,7.070575000764118e+17,58.51903000000001,8.83875,4848.0,447268.0,74.90967741935484,18.305913978494623
Hesthaugtunnel,E18 Tvedestrand-Bamble,2021-08-31,7.070575000764118e+17,58.51903000000001,8.83875,4848.0,447268.0,67.73870967741935,15.153897849462366
Hesthaugtunnel,E18 Tvedestrand-Bamble,2021-09-30,6.59920333404651e+17,54.61776133333334,8.2495,4524.8,417450.13333333336,43.96333333333333,11.999027777777778
Hesthaugtunnel,E18 Tvedestrand-Bamble,2021-10-31,6.842491936223341e+17,56.631319354838716,8.553629032258064,4691.612903225807,432840.0,33.97716129032258,8.809252688172043
Hesthaugtunnel,E18 Tvedestrand-Bamble,2021-11-30,6.834889167405315e+17,56.568395666666675,8.544125,4686.4,432359.06666666665,26.913888888888888,3.842638888888889
Hesthaugtunnel,E18 Tvedestrand-Bamble,2021-12-31,6.826762069703286e+17,56.501132413793115,8.533965517241379,4680.827586206897,431844.9655172414,30.76551724137931,-2.311494252873563
Kastbakkvegen,E6 Arnkvern-Moelv,2021-06-30,7.070575000207306e+17,60.91746,10.70296,2390.0,19001.0,0.09277083333333334,0.0
Kastbakkvegen,E6 Arnkvern-Moelv,2021-07-31,7.070575000207306e+17,60.91746,10.70296,2390.0,19001.0,0.007540322580645161,0.0
Kastbakkvegen,E6 Arnkvern-Moelv,2021-08-31,7.070575000207306e+17,60.91746,10.70296,2390.0,19001.0,0.040036290322580645,0.0
Kastbakkvegen,E6 Arnkvern-Moelv,2021-09-30,6.599203333526819e+17,56.856296,9.989429333333332,2230.6666666666665,17734.266666666666,2.7965277777777775,0.0
Kastbakkvegen,E6 Arnkvern-Moelv,2021-10-31,6.84249193568449e+17,58.95238064516129,10.357703225806452,2312.9032258064517,18388.064516129034,3.630706774193548,0.0
Kastbakkvegen,E6 Arnkvern-Moelv,2021-11-30,6.834889166867063e+17,58.886878,10.346194666666666,2310.3333333333335,18367.633333333335,2.4865194444444447,0.0
Kastbakkvegen,E6 Arnkvern-Moelv,2021-12-31,6.826762069165674e+17,58.81685793103448,10.333892413793102,2307.5862068965516,18345.793103448275,3.037916666666667,0.0
Langbakken,E6 Arnkvern-Moelv,2021-01-31,7.070575000218067e+17,60.84751,11.02713,2320.0,0.0,4.949989247311828,-9.239516129032259
Langbakken,E6 Arnkvern-Moelv,2021-02-28,7.070575000218067e+17,60.84751,11.02713,2320.0,0.0,4.288744047619048,-6.994642857142858
Langbakken,E6 Arnkvern-Moelv,2021-03-31,7.070575000218067e+17,60.84751,11.02713,2320.0,0.0,3.496297510518934,1.385215053763441
Langbakken,E6 Arnkvern-Moelv,2021-04-30,7.070575000218067e+17,60.84750999999999,11.02713,2320.0,0.0,2.7086569444444444,3.9156944444444446
Langbakken,E6 Arnkvern-Moelv,2021-05-31,7.070575000218067e+17,60.84751,11.02713,2320.0,0.0,2.072688172043011,9.46505376344086
Langbakken,E6 Arnkvern-Moelv,2021-06-30,7.070575000218067e+17,60.84750999999999,11.02713,2320.0,0.0,1.7770319444444445,16.79486111111111
Langbakken,E6 Arnkvern-Moelv,2021-07-31,7.070575000218067e+17,60.84751,11.02713,2320.0,0.0,2.0079368279569896,18.208467741935483
Langbakken,E6 Arnkvern-Moelv,2021-08-31,7.070575000218067e+17,60.84751,11.02713,2320.0,0.0,2.6791693548387094,14.702419354838709
Langbakken,E6 Arnkvern-Moelv,2021-09-30,7.070575000218067e+17,60.84750999999999,11.02713,2320.0,0.0,3.4415291666666668,11.625972222222224
Langbakken,E6 Arnkvern-Moelv,2021-10-31,7.070575000218067e+17,60.84751,11.02713,2320.0,0.0,4.245089086021505,7.309118279569892
Langbakken,E6 Arnkvern-Moelv,2021-11-30,7.070575000218067e+17,60.84750999999999,11.02713,2320.0,0.0,5.1539222222222225,0.5591666666666667
Langbakken,E6 Arnkvern-Moelv,2021-12-31,7.070575000218067e+17,60.84751,11.02713,2320.0,0.0,5.5284497126436785,-5.067385057471264
Langsæveien,E18 Arendal-Tvedestrand,2021-01-31,7.070575000764374e+17,58.47269,8.74466,4846.0,2194.0,0.33241935483870966,-3.7447580645161294
Langsæveien,E18 Arendal-Tvedestrand,2021-02-28,7.070575000764374e+17,58.47269,8.74466,4846.0,2194.0,0.32230654761904765,-2.129761904761905
Langsæveien,E18 Arendal-Tvedestrand,2021-03-31,7.070575000764374e+17,58.47269,8.74466,4846.0,2194.0,0.2453085553997195,3.6749532491818604
Langsæveien,E18 Arendal-Tvedestrand,2021-04-30,7.070575000764374e+17,58.47268999999999,8.74466,4846.0,2194.0,0.237125,4.92125
Langsæveien,E18 Arendal-Tvedestrand,2021-05-31,7.070575000764374e+17,58.47269,8.74466,4846.0,2194.0,0.21393817204301074,9.45
Langsæveien,E18 Arendal-Tvedestrand,2021-06-30,7.070575000764374e+17,58.47268999999999,8.74466,4846.0,2194.0,0.21623611111111113,15.854999999999999
Langsæveien,E18 Arendal-Tvedestrand,2021-07-31,7.070575000764374e+17,58.47269,8.74466,4846.0,2194.0,0.21638440860215055,18.305913978494623
Langsæveien,E18 Arendal-Tvedestrand,2021-08-31,7.070575000764374e+17,58.47269,8.74466,4846.0,2194.0,0.2344758064516129,15.153897849462366
Langsæveien,E18 Arendal-Tvedestrand,2021-09-30,6.599203334046748e+17,54.57451066666667,8.161682666666668,4522.933333333333,2047.7333333333333,0.280125,11.999027777777778
Langsæveien,E18 Arendal-Tvedestrand,2021-10-31,6.842491936223588e+17,56.58647419354838,8.462574193548386,4689.677419354839,2123.2258064516127,0.2689962365591398,8.809252688172043
Langsæveien,E18 Arendal-Tvedestrand,2021-11-30,6.834889167405562e+17,56.523600333333334,8.453171333333334,4684.466666666666,2120.866666666667,0.30743055555555554,3.842638888888889
Langsæveien,E18 Arendal-Tvedestrand,2021-12-31,6.826762069703533e+17,56.45639034482759,8.44312,4678.896551724138,2118.344827586207,0.4358333333333333,-2.311494252873563
Melgård,E6 Arnkvern-Moelv,2021-01-31,7.07057500021807e+17,60.85397,11.000009999999998,2320.0,0.0,4.254307795698925,-9.239516129032259
Melgård,E6 Arnkvern-Moelv,2021-02-28,7.07057500021807e+17,60.85397,11.000009999999998,2320.0,0.0,3.69335119047619,-6.994642857142858
Melgård,E6 Arnkvern-Moelv,2021-03-31,7.07057500021807e+17,60.85397,11.000009999999998,2320.0,0.0,3.042427302477793,1.385215053763441
Melgård,E6 Arnkvern-Moelv,2021-04-30,7.07057500021807e+17,60.85397,11.000009999999998,2320.0,0.0,2.379141666666667,3.9156944444444446
Melgård,E6 Arnkvern-Moelv,2021-05-31,7.07057500021807e+17,60.85397,11.000009999999998,2320.0,0.0,1.7460577956989247,9.46505376344086
Melgård,E6 Arnkvern-Moelv,2021-06-30,7.07057500021807e+17,60.85397,11.000009999999998,2320.0,0.0,1.359622222222222,16.79486111111111
Melgård,E6 Arnkvern-Moelv,2021-07-31,7.07057500021807e+17,60.85397,11.000009999999998,2320.0,0.0,1.5469637096774194,18.208467741935483
Melgård,E6 Arnkvern-Moelv,2021-08-31,7.07057500021807e+17,60.85397,11.000009999999998,2320.0,0.0,2.139806451612903,14.702419354838709
Melgård,E6 Arnkvern-Moelv,2021-09-30,7.07057500021807e+17,60.85397,11.000009999999998,2320.0,0.0,2.767641666666667,11.625972222222224
Melgård,E6 Arnkvern-Moelv,2021-10-31,7.07057500021807e+17,60.85397,11.000009999999998,2320.0,0.0,3.4278037634408602,7.309118279569892
Melgård,E6 Arnkvern-Moelv,2021-11-30,7.07057500021807e+17,60.85397,11.000009999999998,2320.0,0.0,4.140313888888889,0.413888888888889
Melgård,E6 Arnkvern-Moelv,2021-12-31,7.07057500021807e+17,60.85397,11.000009999999998,2320.0,0.0,4.418005747126436,-5.067385057471264
Mørland,E18 Arendal-Tvedestrand,2021-01-31,7.070575000764132e+17,58.51004,8.82022,4848.0,68985.0,11.333333333333332,-3.7447580645161294
Mørland,E18 Arendal-Tvedestrand,2021-02-28,7.070575000764132e+17,58.51004,8.82022,4848.0,68985.0,10.227380952380953,-2.129761904761905
Mørland,E18 Arendal-Tvedestrand,2021-03-31,7.070575000764132e+17,58.51004,8.82022,4848.0,68985.0,8.573024777933613,3.6749532491818604
Mørland,E18 Arendal-Tvedestrand,2021-04-30,7.070575000764132e+17,58.51004,8.82022,4848.0,68985.0,7.385555555555555,4.92125
Mørland,E18 Arendal-Tvedestrand,2021-05-31,7.070575000764132e+17,58.51004,8.82022,4848.0,68985.0,5.6752688172043015,9.45
Mørland,E18 Arendal-Tvedestrand,2021-06-30,7.070575000764132e+17,58.51004,8.82022,4848.0,68985.0,5.096666666666667,15.854999999999999
Mørland,E18 Arendal-Tvedestrand,2021-07-31,7.070575000764132e+17,58.51004,8.82022,4848.0,68985.0,5.188172043010753,18.305913978494623
Mørland,E18 Arendal-Tvedestrand,2021-08-31,7.070575000764132e+17,58.51004,8.82022,4848.0,68985.0,6.055913978494623,15.153897849462366
Mørland,E18 Arendal-Tvedestrand,2021-09-30,6.599203334046523e+17,54.60937066666666,8.232205333333335,4524.8,64386.0,6.4622222222222225,11.999027777777778
Mørland,E18 Arendal-Tvedestrand,2021-10-31,6.842491936223354e+17,56.622619354838704,8.535696774193548,4691.612903225807,66759.67741935483,7.771483870967741,8.809252688172043
Mørland,E18 Arendal-Tvedestrand,2021-11-30,6.834889167405327e+17,56.55970533333333,8.526212666666668,4686.4,66685.5,9.426666666666668,3.842638888888889
Mørland,E18 Arendal-Tvedestrand,2021-12-31,6.8267620697033e+17,56.492452413793096,8.516074482758622,4680.827586206897,66606.20689655172,10.980459770114942,-2.311494252873563
Nils Amblis veg,E6 Arnkvern-Moelv,2021-01-31,7.070575000218077e+17,60.87921,10.928940000000003,2380.0,0.0,7.511670698924731,0.0
Nils Amblis veg,E6 Arnkvern-Moelv,2021-02-28,7.070575000218077e+17,60.87921,10.928940000000003,2380.0,0.0,6.575558035714286,0.0
Nils Amblis veg,E6 Arnkvern-Moelv,2021-03-31,7.070575000218077e+17,60.87921,10.928940000000003,2380.0,0.0,5.426832865825152,0.0
Nils Amblis veg,E6 Arnkvern-Moelv,2021-04-30,7.070575000218077e+17,60.87920999999999,10.928940000000003,2380.0,0.0,4.186101388888889,0.0
Nils Amblis veg,E6 Arnkvern-Moelv,2021-05-31,7.070575000218077e+17,60.87921,10.928940000000003,2380.0,0.0,3.895010752688172,0.0
Nils Amblis veg,E6 Arnkvern-Moelv,2021-06-30,7.070575000218077e+17,60.87920999999999,10.928940000000003,2380.0,0.0,3.1705069444444445,0.0
Nils Amblis veg,E6 Arnkvern-Moelv,2021-07-31,7.070575000218077e+17,60.87921,10.928940000000003,2380.0,0.0,3.5144879032258065,0.0
Nils Amblis veg,E6 Arnkvern-Moelv,2021-08-31,7.070575000218077e+17,60.87921,10.928940000000003,2380.0,0.0,4.626059139784947,0.0
Nils Amblis veg,E6 Arnkvern-Moelv,2021-09-30,7.070575000218077e+17,60.87920999999999,10.928940000000003,2380.0,0.0,6.098980555555555,0.0
Nils Amblis veg,E6 Arnkvern-Moelv,2021-10-31,7.070575000218077e+17,60.87921,10.928940000000003,2380.0,0.0,8.014108440860216,0.0
Nils Amblis veg,E6 Arnkvern-Moelv,2021-11-30,7.070575000218077e+17,60.87920999999999,10.928940000000003,2380.0,0.0,9.90306111111111,0.0
Nils Amblis veg,E6 Arnkvern-Moelv,2021-12-31,7.070575000218077e+17,60.87921,10.92894,2380.0,0.0,11.144126436781608,0.0
Nydalskrysset,E6 Arnkvern-Moelv,2021-01-31,7.07057500021807e+17,60.8419,11.04692,2320.0,0.0,5.120110215053764,-9.239516129032259
Nydalskrysset,E6 Arnkvern-Moelv,2021-02-28,7.070575000218071e+17,60.8419,11.04692,2320.0,0.0,4.521866071428572,-6.994642857142858
Nydalskrysset,E6 Arnkvern-Moelv,2021-03-31,7.07057500021807e+17,60.8419,11.04692,2320.0,0.0,3.6613268466573166,1.385215053763441
Nydalskrysset,E6 Arnkvern-Moelv,2021-04-30,7.070575000218071e+17,60.8419,11.04692,2320.0,0.0,2.8175972222222225,3.9156944444444446
Nydalskrysset,E6 Arnkvern-Moelv,2021-05-31,7.07057500021807e+17,60.8419,11.04692,2320.0,0.0,2.0272325268817206,9.46505376344086
Nydalskrysset,E6 Arnkvern-Moelv,2021-06-30,7.070575000218071e+17,60.8419,11.04692,2320.0,0.0,1.502013888888889,16.79486111111111
Nydalskrysset,E6 Arnkvern-Moelv,2021-07-31,7.07057500021807e+17,60.8419,11.04692,2320.0,0.0,1.720008064516129,18.208467741935483
Nydalskrysset,E6 Arnkvern-Moelv,2021-08-31,7.07057500021807e+17,60.8419,11.04692,2320.0,0.0,2.4395349462365594,14.702419354838709
Nydalskrysset,E6 Arnkvern-Moelv,2021-09-30,7.070575000218071e+17,60.8419,11.04692,2320.0,0.0,3.233983333333333,11.625972222222224
Nydalskrysset,E6 Arnkvern-Moelv,2021-10-31,7.07057500021807e+17,60.8419,11.04692,2320.0,0.0,4.087532150537634,7.309118279569892
Nydalskrysset,E6 Arnkvern-Moelv,2021-11-30,7.070575000218071e+17,60.8419,11.04692,2320.0,0.0,5.013111111111112,0.5591666666666667
Nydalskrysset,E6 Arnkvern-Moelv,2021-12-31,7.070575000218072e+17,60.8419,11.04692,2320.0,0.0,5.406744252873563,-5.067385057471264
Pellervika,E6 Arnkvern-Moelv,2021-01-31,7.070575000218088e+17,60.88379,10.91312,2380.0,0.0,3.5155094086021506,-9.239516129032259
Pellervika,E6 Arnkvern-Moelv,2021-02-28,7.070575000218088e+17,60.88379,10.913120000000001,2380.0,0.0,3.0258690476190475,-6.994642857142858
Pellervika,E6 Arnkvern-Moelv,2021-03-31,7.070575000218088e+17,60.88379,10.91312,2380.0,0.0,2.4572303646563816,1.385215053763441
Pellervika,E6 Arnkvern-Moelv,2021-04-30,7.070575000218088e+17,60.88379,10.91312,2380.0,0.0,1.8799305555555557,3.9156944444444446
Pellervika,E6 Arnkvern-Moelv,2021-05-31,7.070575000218088e+17,60.88379,10.91312,2380.0,0.0,1.3740994623655913,9.46505376344086
Pellervika,E6 Arnkvern-Moelv,2021-06-30,7.070575000218088e+17,60.88379,10.91312,2380.0,0.0,1.1008083333333334,16.79486111111111
Pellervika,E6 Arnkvern-Moelv,2021-07-31,7.070575000218088e+17,60.88379,10.91312,2380.0,0.0,1.2609180107526883,18.208467741935483
Pellervika,E6 Arnkvern-Moelv,2021-08-31,7.070575000218088e+17,60.88379,10.91312,2380.0,0.0,1.7584395161290323,14.702419354838709
Pellervika,E6 Arnkvern-Moelv,2021-09-30,7.070575000218088e+17,60.88379,10.91312,2380.0,0.0,2.3159236111111112,11.625972222222224
Pellervika,E6 Arnkvern-Moelv,2021-10-31,7.070575000218088e+17,60.88379,10.91312,2380.0,0.0,2.892159838709677,7.309118279569892
Pellervika,E6 Arnkvern-Moelv,2021-11-30,7.070575000218088e+17,60.88379,10.91312,2380.0,0.0,3.4408208333333334,0.4947222222222223
Pellervika,E6 Arnkvern-Moelv,2021-12-31,7.070575000218088e+17,60.88379,10.91312,2380.0,0.0,3.7781551724137934,-5.067385057471264
Ravnåsveien,E18 Arendal-Tvedestrand,2021-01-31,7.070575000764375e+17,58.46814,8.73832,4848.0,941.0,0.21608870967741936,-3.7447580645161294
Ravnåsveien,E18 Arendal-Tvedestrand,2021-02-28,7.070575000764375e+17,58.46814,8.73832,4848.0,941.0,0.19544642857142858,-2.129761904761905
Ravnåsveien,E18 Arendal-Tvedestrand,2021-03-31,7.070575000764375e+17,58.46814,8.73832,4848.0,941.0,0.1357538569424965,3.6749532491818604
Ravnåsveien,E18 Arendal-Tvedestrand,2021-04-30,7.070575000764375e+17,58.46814,8.73832,4848.0,941.0,0.11790277777777777,4.92125
Ravnåsveien,E18 Arendal-Tvedestrand,2021-05-31,7.070575000764375e+17,58.46814,8.73832,4848.0,941.0,0.07069892473118279,9.45
Ravnåsveien,E18 Arendal-Tvedestrand,2021-06-30,7.070575000764375e+17,58.46814,8.73832,4848.0,941.0,0.056638888888888884,15.854999999999999
Ravnåsveien,E18 Arendal-Tvedestrand,2021-07-31,7.070575000764375e+17,58.46814,8.73832,4848.0,941.0,0.056451612903225805,18.305913978494623
Ravnåsveien,E18 Arendal-Tvedestrand,2021-08-31,7.070575000764375e+17,58.46814,8.73832,4848.0,941.0,0.05663978494623656,15.153897849462366
Ravnåsveien,E18 Arendal-Tvedestrand,2021-09-30,6.59920333404675e+17,54.570263999999995,8.155765333333333,4524.8,878.2666666666667,0.05315277777777778,11.999027777777778
Ravnåsveien,E18 Arendal-Tvedestrand,2021-10-31,6.842491936223589e+17,56.582070967741934,8.45643870967742,4691.612903225807,910.6451612903226,0.06579677419354839,8.809252688172043
Ravnåsveien,E18 Arendal-Tvedestrand,2021-11-30,6.834889167405563e+17,56.51920199999999,8.447042666666666,4686.4,909.6333333333333,0.1250138888888889,3.842638888888889
Ravnåsveien,E18 Arendal-Tvedestrand,2021-12-31,6.826762069703534e+17,56.45199724137931,8.436998620689655,4680.827586206897,908.551724137931,0.19998563218390805,-2.311494252873563
Rosstjern,E18 Arendal-Tvedestrand,2021-01-31,7.070575000764118e+17,58.552240000000005,8.87032,4849.0,40568.0,7.512419354838709,-3.7447580645161294
Rosstjern,E18 Arendal-Tvedestrand,2021-02-28,7.070575000764118e+17,58.552240000000005,8.87032,4849.0,40568.0,6.466755952380952,-2.129761904761905
Rosstjern,E18 Arendal-Tvedestrand,2021-03-31,7.070575000764118e+17,58.552240000000005,8.87032,4849.0,40568.0,4.988141070593735,3.6749532491818604
Rosstjern,E18 Arendal-Tvedestrand,2021-04-30,7.070575000764118e+17,58.552240000000005,8.87032,4849.0,40568.0,3.761888888888889,4.92125
Rosstjern,E18 Arendal-Tvedestrand,2021-05-31,7.070575000764118e+17,58.552240000000005,8.87032,4849.0,40568.0,2.584072580645161,9.45
Rosstjern,E18 Arendal-Tvedestrand,2021-06-30,7.070575000764118e+17,58.552240000000005,8.87032,4849.0,40568.0,1.9894722222222223,15.854999999999999
Rosstjern,E18 Arendal-Tvedestrand,2021-07-31,7.070575000764118e+17,58.552240000000005,8.87032,4849.0,40568.0,2.207822580645161,18.305913978494623
Rosstjern,E18 Arendal-Tvedestrand,2021-08-31,7.070575000764118e+17,58.552240000000005,8.87032,4849.0,40568.0,2.9571370967741935,15.153897849462366
Rosstjern,E18 Arendal-Tvedestrand,2021-09-30,6.59920333404651e+17,54.64875733333334,8.278965333333334,4525.733333333334,37863.46666666667,3.6926111111111113,11.999027777777778
Rosstjern,E18 Arendal-Tvedestrand,2021-10-31,6.842491936223341e+17,56.663458064516135,8.58418064516129,4692.580645161291,39259.354838709674,4.962570967741935,8.809252688172043
Rosstjern,E18 Arendal-Tvedestrand,2021-11-30,6.834889167405315e+17,56.600498666666674,8.574642666666668,4687.366666666667,39215.73333333333,6.4792499999999995,3.842638888888889
Rosstjern,E18 Arendal-Tvedestrand,2021-12-31,6.826762069703286e+17,56.53319724137932,8.564446896551724,4681.793103448276,39169.10344827586,7.477787356321839,-2.311494252873563
Rudsflata,E6 Arnkvern-Moelv,2021-01-31,7.070575000205751e+17,60.9155,10.78851,2360.0,0.0,3.4339999999999997,0.0
Rudsflata,E6 Arnkvern-Moelv,2021-02-28,7.070575000205751e+17,60.9155,10.78851,2360.0,0.0,3.4339999999999997,0.0
Rudsflata,E6 Arnkvern-Moelv,2021-03-31,7.070575000205751e+17,60.9155,10.78851,2360.0,0.0,3.4339999999999997,0.0
Rudsflata,E6 Arnkvern-Moelv,2021-04-30,7.070575000205751e+17,60.9155,10.78851,2360.0,0.0,2.430434722222222,0.0
Rudsflata,E6 Arnkvern-Moelv,2021-05-31,7.070575000205751e+17,60.9155,10.78851,2360.0,0.0,1.5874193548387097,0.0
Rudsflata,E6 Arnkvern-Moelv,2021-06-30,7.070575000205751e+17,60.9155,10.78851,2360.0,0.0,1.1807791666666667,0.0
Rudsflata,E6 Arnkvern-Moelv,2021-07-31,7.070575000205751e+17,60.9155,10.78851,2360.0,0.0,1.3951532258064516,0.0
Rudsflata,E6 Arnkvern-Moelv,2021-08-31,7.070575000205751e+17,60.9155,10.78851,2360.0,0.0,2.000420698924731,0.0
Rudsflata,E6 Arnkvern-Moelv,2021-09-30,7.070575000205751e+17,60.9155,10.78851,2360.0,0.0,2.681338888888889,0.0
Rudsflata,E6 Arnkvern-Moelv,2021-10-31,7.070575000205751e+17,60.9155,10.78851,2360.0,0.0,3.39255688172043,0.0
Rudsflata,E6 Arnkvern-Moelv,2021-11-30,7.070575000205751e+17,60.9155,10.78851,2360.0,0.0,4.207331944444444,0.0
Rudsflata,E6 Arnkvern-Moelv,2021-12-31,7.070575000205751e+17,60.9155,10.78851,2360.0,0.0,4.798515804597701,0.0
Rudsvegen,E6 Arnkvern-Moelv,2021-01-31,7.070575000205695e+17,60.91174,10.81227,2360.0,0.0,10.31782123655914,0.0
Rudsvegen,E6 Arnkvern-Moelv,2021-02-28,7.070575000205695e+17,60.91174,10.81227,2360.0,0.0,8.938127976190476,0.0
Rudsvegen,E6 Arnkvern-Moelv,2021-03-31,7.070575000205695e+17,60.91174,10.81227,2360.0,0.0,7.3285443548387095,0.0
Rudsvegen,E6 Arnkvern-Moelv,2021-04-30,7.070575000205695e+17,60.91174,10.81227,2360.0,0.0,5.627448611111111,0.0
Rudsvegen,E6 Arnkvern-Moelv,2021-05-31,7.070575000205695e+17,60.91174,10.81227,2360.0,0.0,4.009395161290323,0.0
Rudsvegen,E6 Arnkvern-Moelv,2021-06-30,7.070575000205695e+17,60.91174,10.81227,2360.0,0.0,3.000186111111111,0.0
Rudsvegen,E6 Arnkvern-Moelv,2021-07-31,7.070575000205695e+17,60.91174,10.81227,2360.0,0.0,3.5602540322580642,0.0
Rudsvegen,E6 Arnkvern-Moelv,2021-08-31,7.070575000205695e+17,60.91174,10.81227,2360.0,0.0,5.058108870967742,0.0
Rudsvegen,E6 Arnkvern-Moelv,2021-09-30,7.070575000205695e+17,60.91174,10.81227,2360.0,0.0,6.757134722222222,0.0
Rudsvegen,E6 Arnkvern-Moelv,2021-10-31,7.070575000205695e+17,60.91174,10.81227,2360.0,0.0,8.416401559139786,0.0
Rudsvegen,E6 Arnkvern-Moelv,2021-11-30,7.070575000205695e+17,60.91174,10.81227,2360.0,0.0,10.154794444444445,0.0
Rudsvegen,E6 Arnkvern-Moelv,2021-12-31,7.070575000205695e+17,60.91174,10.81227,2360.0,0.0,10.786693965517241,0.0
Rugtvedtveien,E18 Tvedestrand-Bamble,2021-01-31,7.070575000423237e+17,59.03594999999999,9.67685,3962.0,77615.0,12.77997311827957,-3.869220430107527
Rugtvedtveien,E18 Tvedestrand-Bamble,2021-02-28,7.070575000423237e+17,59.03594999999999,9.67685,3962.0,77615.0,11.192113095238096,-2.354761904761905
Rugtvedtveien,E18 Tvedestrand-Bamble,2021-03-31,7.070575000423237e+17,59.03594999999999,9.67685,3962.0,77615.0,9.239165497896215,3.77737260402057
Rugtvedtveien,E18 Tvedestrand-Bamble,2021-04-30,7.070575000423237e+17,59.03594999999999,9.67685,3962.0,77615.0,7.337916666666667,5.616944444444444
Rugtvedtveien,E18 Tvedestrand-Bamble,2021-05-31,7.070575000423237e+17,59.03594999999999,9.67685,3962.0,77615.0,5.629838709677419,9.566935483870967
Rugtvedtveien,E18 Tvedestrand-Bamble,2021-06-30,7.070575000423237e+17,59.03594999999999,9.67685,3962.0,77615.0,4.248055555555555,16.13513888888889
Rugtvedtveien,E18 Tvedestrand-Bamble,2021-07-31,7.070575000423237e+17,59.03594999999999,9.67685,3962.0,77615.0,4.630645161290323,19.116666666666667
Rugtvedtveien,E18 Tvedestrand-Bamble,2021-08-31,7.070575000423237e+17,59.03594999999999,9.67685,3962.0,77615.0,6.20497311827957,16.188844086021508
Rugtvedtveien,E18 Tvedestrand-Bamble,2021-09-30,6.599203333728355e+17,55.10021999999999,9.031726666666666,3697.866666666667,72440.66666666667,7.810833333333334,12.260555555555555
Rugtvedtveien,E18 Tvedestrand-Bamble,2021-10-31,6.842491935893455e+17,57.131564516129025,9.364693548387097,3834.1935483870966,75111.29032258065,10.378344086021507,9.108123655913978
Rugtvedtveien,E18 Tvedestrand-Bamble,2021-11-30,6.834889167075796e+17,57.068084999999996,9.354288333333333,3829.9333333333334,75027.83333333333,12.967222222222222,3.8405555555555555
Rugtvedtveien,E18 Tvedestrand-Bamble,2021-12-31,6.582949138325083e+17,54.96450517241379,9.009481034482759,3688.7586206896553,72262.24137931035,11.258333333333333,-2.3097701149425287
Røsslyngvegen,E6 Arnkvern-Moelv,2021-01-31,7.070575000205755e+17,60.91457,10.71544,2390.0,0.0,1.5469690860215053,0.0
Røsslyngvegen,E6 Arnkvern-Moelv,2021-02-28,7.070575000205755e+17,60.91456999999999,10.71544,2390.0,0.0,1.4042380952380953,0.0
Røsslyngvegen,E6 Arnkvern-Moelv,2021-03-31,7.070575000205755e+17,60.91457,10.71544,2390.0,0.0,1.2219655212716223,0.0
Røsslyngvegen,E6 Arnkvern-Moelv,2021-04-30,7.070575000205755e+17,60.91457,10.71544,2390.0,0.0,1.0206680555555556,0.0
Røsslyngvegen,E6 Arnkvern-Moelv,2021-05-31,7.070575000205755e+17,60.91457,10.71544,2390.0,0.0,0.8283333333333334,0.0
Røsslyngvegen,E6 Arnkvern-Moelv,2021-06-30,7.070575000205755e+17,60.91457,10.71544,2390.0,0.0,0.9189638888888889,0.0
Røsslyngvegen,E6 Arnkvern-Moelv,2021-07-31,7.070575000205755e+17,60.91457,10.71544,2390.0,0.0,1.1630900537634408,0.0
Røsslyngvegen,E6 Arnkvern-Moelv,2021-08-31,7.070575000205755e+17,60.91457,10.71544,2390.0,0.0,1.433782258064516,0.0
Røsslyngvegen,E6 Arnkvern-Moelv,2021-09-30,7.070575000205755e+17,60.91457,10.71544,2390.0,0.0,1.5063458333333333,0.0
Røsslyngvegen,E6 Arnkvern-Moelv,2021-10-31,7.070575000205755e+17,60.91457,10.71544,2390.0,0.0,1.4059332258064516,0.0
Røsslyngvegen,E6 Arnkvern-Moelv,2021-11-30,7.070575000205755e+17,60.91457,10.71544,2390.0,0.0,1.6425097222222222,0.0
Røsslyngvegen,E6 Arnkvern-Moelv,2021-12-31,7.070575000205755e+17,60.91457,10.71544,2390.0,0.0,1.8154554597701151,0.0
Sandnesheiatunnel,E39 Mandal-Lyngdal Øst,2021-09-30,7.070575000765028e+17,58.03967,7.498340000000001,4516.0,549085.0,66.38643518518519,13.318055555555555
Sandnesheiatunnel,E39 Mandal-Lyngdal Øst,2021-10-31,7.070575000765028e+17,58.03967000000001,7.49834,4516.0,549085.0,71.23,10.747854838709676
Sandnesheiatunnel,E39 Mandal-Lyngdal Øst,2021-11-30,6.834889167406194e+17,56.10501433333334,7.248395333333333,4365.466666666666,530782.1666666666,68.85566666666666,6.1288888888888895
Sandnesheiatunnel,E39 Mandal-Lyngdal Øst,2021-12-31,6.826762069704164e+17,56.03830206896552,7.2397765517241375,4360.275862068966,530151.0344827586,46.576206896551724,0.4889367816091954
Skap,E18 Arendal-Tvedestrand,2021-01-31,7.070575000764132e+17,58.4994,8.794680000000001,4848.0,85198.0,14.733333333333334,-3.7447580645161294
Skap,E18 Arendal-Tvedestrand,2021-02-28,7.070575000764132e+17,58.4994,8.79468,4848.0,85198.0,13.11547619047619,-2.129761904761905
Skap,E18 Arendal-Tvedestrand,2021-03-31,7.070575000764132e+17,58.4994,8.794680000000001,4848.0,85198.0,10.401028517999064,3.6749532491818604
Skap,E18 Arendal-Tvedestrand,2021-04-30,7.070575000764132e+17,58.4994,8.79468,4848.0,85198.0,8.552222222222222,4.92125
Skap,E18 Arendal-Tvedestrand,2021-05-31,7.070575000764132e+17,58.4994,8.794680000000001,4848.0,85198.0,6.496774193548387,9.45
Skap,E18 Arendal-Tvedestrand,2021-06-30,7.070575000764132e+17,58.4994,8.79468,4848.0,85198.0,5.471111111111111,15.854999999999999
Skap,E18 Arendal-Tvedestrand,2021-07-31,7.070575000764132e+17,58.4994,8.794680000000001,4848.0,85198.0,5.847311827956989,18.305913978494623
Skap,E18 Arendal-Tvedestrand,2021-08-31,7.070575000764132e+17,58.4994,8.794680000000001,4848.0,85198.0,7.106451612903225,15.153897849462366
Skap,E18 Arendal-Tvedestrand,2021-09-30,6.599203334046523e+17,54.59944,8.208368,4524.8,79518.13333333333,7.992222222222222,11.999027777777778
Skap,E18 Arendal-Tvedestrand,2021-10-31,6.842491936223354e+17,56.61232258064516,8.51098064516129,4691.612903225807,82449.67741935483,9.933591397849462,8.809252688172043
Skap,E18 Arendal-Tvedestrand,2021-11-30,6.834889167405327e+17,56.549420000000005,8.501524,4686.4,82358.06666666667,12.111458333333333,3.842638888888889
Skap,E18 Arendal-Tvedestrand,2021-12-31,6.8267620697033e+17,56.48217931034483,8.491415172413793,4680.827586206897,82260.13793103448,14.021048850574712,-2.311494252873563
Skarkedalen,E18 Arendal-Tvedestrand,2021-01-31,7.070575000764118e+17,58.54215,8.8573,4849.0,49228.0,8.720430107526882,-3.7447580645161294
Skarkedalen,E18 Arendal-Tvedestrand,2021-02-28,7.070575000764118e+17,58.54215,8.8573,4849.0,49228.0,7.677931547619048,-2.129761904761905
Skarkedalen,E18 Arendal-Tvedestrand,2021-03-31,7.070575000764118e+17,58.54215,8.8573,4849.0,49228.0,6.098955119214587,3.6749532491818604
Skarkedalen,E18 Arendal-Tvedestrand,2021-04-30,7.070575000764118e+17,58.54215,8.8573,4849.0,49228.0,4.804138888888889,4.92125
Skarkedalen,E18 Arendal-Tvedestrand,2021-05-31,7.070575000764118e+17,58.54215,8.8573,4849.0,49228.0,3.4362903225806454,9.45
Skarkedalen,E18 Arendal-Tvedestrand,2021-06-30,7.070575000764118e+17,58.54215,8.8573,4849.0,49228.0,2.718569444444445,15.854999999999999
Skarkedalen,E18 Arendal-Tvedestrand,2021-07-31,7.070575000764118e+17,58.54215,8.8573,4849.0,49228.0,2.9716263440860216,18.305913978494623
Skarkedalen,E18 Arendal-Tvedestrand,2021-08-31,7.070575000764118e+17,58.54215,8.8573,4849.0,49228.0,3.83616935483871,15.153897849462366
Skarkedalen,E18 Arendal-Tvedestrand,2021-09-30,6.59920333404651e+17,54.63934,8.266813333333333,4525.733333333334,45946.13333333333,4.561819444444444,11.999027777777778
Skarkedalen,E18 Arendal-Tvedestrand,2021-10-31,6.842491936223341e+17,56.653693548387096,8.57158064516129,4692.580645161291,47640.0,5.895263978494624,8.809252688172043
Skarkedalen,E18 Arendal-Tvedestrand,2021-11-30,6.834889167405315e+17,56.590745,8.562056666666667,4687.366666666667,47587.066666666666,7.4758611111111115,3.842638888888889
Skarkedalen,E18 Arendal-Tvedestrand,2021-12-31,6.826762069703286e+17,56.52345517241379,8.551875862068966,4681.793103448276,47530.48275862069,8.657844827586207,-2.311494252873563
Skrubbedalen,E18 Arendal - Grimstad,2021-01-31,7.070575000763985e+17,58.59317000000001,8.89745,4849.0,36009.0,6.8348387096774195,-3.7447580645161294
Skrubbedalen,E18 Arendal - Grimstad,2021-02-28,7.070575000763986e+17,58.59317000000001,8.89745,4849.0,36009.0,5.8288988095238095,-2.129761904761905
Skrubbedalen,E18 Arendal - Grimstad,2021-03-31,7.070575000763985e+17,58.59317000000001,8.89745,4849.0,36009.0,4.435631136044881,3.6749532491818604
Skrubbedalen,E18 Arendal - Grimstad,2021-04-30,7.070575000763986e+17,58.59317000000001,8.89745,4849.0,36009.0,3.2929999999999997,4.92125
Skrubbedalen,E18 Arendal - Grimstad,2021-05-31,7.070575000763985e+17,58.59317000000001,8.89745,4849.0,36009.0,2.2282661290322583,9.45
Skrubbedalen,E18 Arendal - Grimstad,2021-06-30,7.070575000763986e+17,58.59317000000001,8.89745,4849.0,36009.0,1.6852222222222222,15.854999999999999
Skrubbedalen,E18 Arendal - Grimstad,2021-07-31,7.070575000763985e+17,58.59317000000001,8.89745,4849.0,36009.0,1.8743548387096773,18.305913978494623
Skrubbedalen,E18 Arendal - Grimstad,2021-08-31,7.070575000763985e+17,58.59317000000001,8.89745,4849.0,36009.0,2.5356182795698925,15.153897849462366
Skrubbedalen,E18 Arendal - Grimstad,2021-09-30,6.599203334046387e+17,54.686958666666676,8.304286666666666,4525.733333333334,33608.4,3.2124027777777777,11.999027777777778
Skrubbedalen,E18 Arendal - Grimstad,2021-10-31,6.842491936223213e+17,56.70306774193549,8.610435483870967,4692.580645161291,34847.41935483871,4.408915053763441,8.809252688172043
Skrubbedalen,E18 Arendal - Grimstad,2021-11-30,6.834889167405187e+17,56.64006433333334,8.600868333333333,4687.366666666667,34808.7,5.802222222222222,3.842638888888889
Skrubbedalen,E18 Arendal - Grimstad,2021-12-31,6.826762069703159e+17,56.572715862068975,8.590641379310345,4681.793103448276,34767.31034482759,6.708606321839081,-2.311494252873563
Strandvegen,E6 Arnkvern-Moelv,2021-01-31,7.070575000218072e+17,60.87132,10.947349999999998,2380.0,0.0,6.227904569892473,-9.239516129032259
Strandvegen,E6 Arnkvern-Moelv,2021-02-28,7.070575000218072e+17,60.871320000000004,10.94735,2380.0,0.0,5.353436011904762,-6.994642857142858
Strandvegen,E6 Arnkvern-Moelv,2021-03-31,7.070575000218072e+17,60.87132,10.947349999999998,2380.0,0.0,4.345455352968677,1.385215053763441
Strandvegen,E6 Arnkvern-Moelv,2021-04-30,7.070575000218072e+17,60.87132,10.94735,2380.0,0.0,3.3119444444444444,3.9156944444444446
Strandvegen,E6 Arnkvern-Moelv,2021-05-31,7.070575000218072e+17,60.87132,10.947349999999998,2380.0,0.0,2.5375604838709678,9.46505376344086
Strandvegen,E6 Arnkvern-Moelv,2021-06-30,7.070575000218072e+17,60.87132,10.94735,2380.0,0.0,2.087852777777778,16.79486111111111
Strandvegen,E6 Arnkvern-Moelv,2021-07-31,7.070575000218072e+17,60.87132,10.947349999999998,2380.0,0.0,2.398491935483871,18.208467741935483
Strandvegen,E6 Arnkvern-Moelv,2021-08-31,7.070575000218072e+17,60.87132,10.947349999999998,2380.0,0.0,3.2841680107526883,14.702419354838709
Strandvegen,E6 Arnkvern-Moelv,2021-09-30,7.070575000218072e+17,60.87132,10.94735,2380.0,0.0,4.2807208333333335,11.625972222222224
Strandvegen,E6 Arnkvern-Moelv,2021-10-31,7.070575000218072e+17,60.87132,10.947350000000002,2380.0,0.0,5.416446559139785,7.309118279569892
Strandvegen,E6 Arnkvern-Moelv,2021-11-30,7.070575000218072e+17,60.87132,10.94735,2380.0,0.0,6.589940277777777,0.5591666666666667
Strandvegen,E6 Arnkvern-Moelv,2021-12-31,7.070575000218072e+17,60.87132,10.947350000000002,2380.0,0.0,7.01625,-5.067385057471264
Tennskap 743.020,E39 Mandal-Lyngdal Øst,2021-09-30,7.070575000765167e+17,58.09451,7.6238399999999995,4516.0,6250.0,0.20875,13.469642857142858
Tennskap 743.020,E39 Mandal-Lyngdal Øst,2021-10-31,7.070575000765167e+17,58.09450999999999,7.62384,4516.0,6250.0,0.3022150537634408,10.747854838709676
Tennskap 743.020,E39 Mandal-Lyngdal Øst,2021-11-30,6.834889167406328e+17,56.158026333333325,7.369712000000001,4365.466666666666,6041.666666666667,4.7642500000000005,6.1288888888888895
Tennskap 743.020,E39 Mandal-Lyngdal Øst,2021-12-31,6.8267620697043e+17,56.091251034482745,7.360948965517242,4360.275862068966,6034.482758620689,5.914137931034483,0.4889367816091954
Tennskap 743.030,E39 Mandal-Lyngdal Øst,2021-10-31,7.070575000765164e+17,58.08407,7.60501,4516.0,61690.0,0.018503571428571428,10.14257142857143
Tennskap 743.030,E39 Mandal-Lyngdal Øst,2021-11-30,6.834889167406324e+17,56.147934333333325,7.351509666666667,4365.466666666666,59633.666666666664,10.921819444444445,6.1288888888888895
Tennskap 743.030,E39 Mandal-Lyngdal Øst,2021-12-31,6.826762069704296e+17,56.08117103448276,7.342768275862069,4360.275862068966,59562.75862068965,12.646364942528734,0.4889367816091954
Tennskap 743.040,E39 Mandal-Lyngdal Øst,2021-10-31,7.070575000765167e+17,58.073429999999995,7.57984,4516.0,74454.0,0.9580595238095239,10.14257142857143
Tennskap 743.040,E39 Mandal-Lyngdal Øst,2021-11-30,6.834889167406328e+17,56.137649,7.327178666666667,4365.466666666666,71972.2,12.610986111111112,6.1288888888888895
Tennskap 743.040,E39 Mandal-Lyngdal Øst,2021-12-31,6.8267620697043e+17,56.07089793103448,7.318466206896552,4360.275862068966,71886.62068965517,12.557255747126437,0.4889367816091954
Tennskap 743.050,E39 Mandal-Lyngdal Øst,2021-09-30,7.07057500076517e+17,58.07061000000001,7.553160000000001,4516.0,25539.0,0.011666666666666667,13.161309523809523
Tennskap 743.050,E39 Mandal-Lyngdal Øst,2021-10-31,7.07057500076517e+17,58.07061000000001,7.553160000000001,4516.0,25539.0,0.27696075268817205,10.747854838709676
Tennskap 743.050,E39 Mandal-Lyngdal Øst,2021-11-30,6.834889167406331e+17,56.13492300000001,7.301388000000001,4365.466666666666,24687.7,4.525569444444445,6.1288888888888895
Tennskap 743.050,E39 Mandal-Lyngdal Øst,2021-12-31,6.826762069704302e+17,56.0681751724138,7.292706206896553,4360.275862068966,24658.344827586207,11.107902298850574,0.4889367816091954
Tennskap 743.060,E39 Mandal øst-Mandal by,2021-08-31,7.07057500076517e+17,58.06794,7.53442,4516.0,2190.0,0.12475694444444445,15.371875000000001
Tennskap 743.060,E39 Mandal øst-Mandal by,2021-09-30,6.599203334047492e+17,54.196743999999995,7.032125333333334,4214.933333333333,2044.0,0.13876388888888888,13.01875
Tennskap 743.060,E39 Mandal øst-Mandal by,2021-10-31,6.842491936224357e+17,56.19478064516129,7.291374193548387,4370.322580645161,2119.3548387096776,0.27106559139784947,10.34328494623656
Tennskap 743.060,E39 Mandal øst-Mandal by,2021-11-30,6.834889167406331e+17,56.132342,7.283272666666666,4365.466666666666,2117.0,3.6968194444444444,6.1288888888888895
Tennskap 743.060,E39 Mandal øst-Mandal by,2021-12-31,6.826762069704302e+17,56.06559724137931,7.274612413793104,4360.275862068966,2114.4827586206898,7.356206896551725,0.4889367816091954
Tennskap 743.203,E39 Mandal-Lyngdal Øst,2021-09-30,7.07057500076516e+17,58.05232,7.514219999999999,4516.0,192.0,0.017827380952380952,12.738690476190476
Tennskap 743.203,E39 Mandal-Lyngdal Øst,2021-10-31,7.07057500076516e+17,58.05232,7.514219999999999,4516.0,192.0,0.0219505376344086,10.747854838709676
Tennskap 743.203,E39 Mandal-Lyngdal Øst,2021-11-30,6.834889167406322e+17,56.11724266666667,7.263745999999999,4365.466666666666,185.6,6.403069444444444,6.1288888888888895
Tennskap 743.203,E39 Mandal-Lyngdal Øst,2021-12-31,6.826762069704292e+17,56.05051586206896,7.25510896551724,4360.275862068966,185.3793103448276,8.303936781609195,0.4889367816091954
Tennskap 743.204,E39 Mandal-Lyngdal Øst,2021-09-30,7.07057500076516e+17,58.03642,7.493950000000001,4516.0,26194.0,0.009761904761904762,13.161309523809523
Tennskap 743.204,E39 Mandal-Lyngdal Øst,2021-10-31,7.07057500076516e+17,58.03642,7.493950000000001,4516.0,26194.0,3.5247994623655914,10.747854838709676
Tennskap 743.204,E39 Mandal-Lyngdal Øst,2021-11-30,6.834889167406322e+17,56.101872666666665,7.244151666666667,4365.466666666666,25320.866666666665,3.6972083333333337,6.1288888888888895
Tennskap 743.204,E39 Mandal-Lyngdal Øst,2021-12-31,6.826762069704292e+17,56.035164137931034,7.235537931034484,4360.275862068966,25290.758620689656,3.780201149425287,0.4889367816091954
Torsbuås0,E18 Arendal-Tvedestrand,2021-01-31,7.070575000764261e+17,58.47948,8.75339,4848.0,249247.0,17.807526881720428,-3.7447580645161294
Torsbuås0,E18 Arendal-Tvedestrand,2021-02-28,7.070575000764261e+17,58.47948,8.75339,4848.0,249247.0,22.598809523809525,-2.129761904761905
Torsbuås0,E18 Arendal-Tvedestrand,2021-03-31,7.070575000764261e+17,58.47948,8.75339,4848.0,249247.0,29.951566152407665,3.6749532491818604
Torsbuås0,E18 Arendal-Tvedestrand,2021-04-30,7.070575000764261e+17,58.47948,8.75339,4848.0,249247.0,39.88111111111111,4.92125
Torsbuås0,E18 Arendal-Tvedestrand,2021-05-31,7.070575000764261e+17,58.47948,8.75339,4848.0,249247.0,38.4236559139785,9.45
Torsbuås0,E18 Arendal-Tvedestrand,2021-06-30,7.070575000764261e+17,58.47948,8.75339,4848.0,249247.0,42.17888888888889,15.854999999999999
Torsbuås0,E18 Arendal-Tvedestrand,2021-07-31,7.070575000764261e+17,58.47948,8.75339,4848.0,249247.0,39.578494623655914,18.305913978494623
Torsbuås0,E18 Arendal-Tvedestrand,2021-08-31,7.070575000764261e+17,58.47948,8.75339,4848.0,249247.0,36.046236559139786,15.153897849462366
Torsbuås0,E18 Arendal-Tvedestrand,2021-09-30,6.599203334046643e+17,54.580847999999996,8.169830666666666,4524.8,232630.53333333333,24.11,11.999027777777778
Torsbuås0,E18 Arendal-Tvedestrand,2021-10-31,6.842491936223479e+17,56.59304516129033,8.471022580645162,4691.612903225807,241206.7741935484,19.536387096774195,8.809252688172043
Torsbuås0,E18 Arendal-Tvedestrand,2021-11-30,6.834889167405452e+17,56.530164000000006,8.461610333333333,4686.4,240938.76666666666,15.845569444444443,3.842638888888889
Torsbuås0,E18 Arendal-Tvedestrand,2021-12-31,6.826762069703424e+17,56.462946206896554,8.451548965517242,4680.827586206897,240652.27586206896,16.079310344827586,-2.311494252873563
Torsbuås1,E18 Arendal-Tvedestrand,2021-01-31,7.070575000764261e+17,58.48171,8.75517,4848.0,333330.0,28.70967741935484,-3.7447580645161294
Torsbuås1,E18 Arendal-Tvedestrand,2021-02-28,7.070575000764261e+17,58.48171,8.75517,4848.0,333330.0,37.12678571428571,-2.129761904761905
Torsbuås1,E18 Arendal-Tvedestrand,2021-03-31,7.070575000764261e+17,58.48171,8.75517,4848.0,333330.0,36.774193548387096,3.6749532491818604
Torsbuås1,E18 Arendal-Tvedestrand,2021-04-30,7.070575000764261e+17,58.48171,8.75517,4848.0,333330.0,53.29333333333333,4.92125
Torsbuås1,E18 Arendal-Tvedestrand,2021-05-31,7.070575000764261e+17,58.48171,8.75517,4848.0,333330.0,49.41129032258065,9.45
Torsbuås1,E18 Arendal-Tvedestrand,2021-06-30,7.070575000764261e+17,58.48171,8.75517,4848.0,333330.0,55.265,15.854999999999999
Torsbuås1,E18 Arendal-Tvedestrand,2021-07-31,7.070575000764261e+17,58.48171,8.75517,4848.0,333330.0,53.46612903225807,18.305913978494623
Torsbuås1,E18 Arendal-Tvedestrand,2021-08-31,7.070575000764261e+17,58.48171,8.75517,4848.0,333330.0,48.03548387096774,15.153897849462366
Torsbuås1,E18 Arendal-Tvedestrand,2021-09-30,6.599203334046643e+17,54.58292933333333,8.171491999999999,4524.8,311108.0,31.17,11.999027777777778
Torsbuås1,E18 Arendal-Tvedestrand,2021-10-31,6.842491936223479e+17,56.59520322580645,8.472745161290323,4691.612903225807,322577.4193548387,24.498774193548385,8.809252688172043
Torsbuås1,E18 Arendal-Tvedestrand,2021-11-30,6.834889167405452e+17,56.532319666666666,8.463331,4686.4,322219.0,20.173333333333336,3.842638888888889
Torsbuås1,E18 Arendal-Tvedestrand,2021-12-31,6.826762069703424e+17,56.465099310344826,8.453267586206897,4680.827586206897,321835.8620689655,24.43103448275862,-2.311494252873563
Trælfjell,E18 Arendal-Tvedestrand,2021-01-31,7.070575000764209e+17,58.52724,8.84721,4848.0,223710.0,20.08279569892473,-3.7447580645161294
Trælfjell,E18 Arendal-Tvedestrand,2021-02-28,7.070575000764209e+17,58.52724,8.84721,4848.0,223710.0,25.72142857142857,-2.129761904761905
Trælfjell,E18 Arendal-Tvedestrand,2021-03-31,7.070575000764209e+17,58.52724,8.84721,4848.0,223710.0,25.188686302010286,3.6749532491818604
Trælfjell,E18 Arendal-Tvedestrand,2021-04-30,7.070575000764209e+17,58.52724,8.84721,4848.0,223710.0,32.973333333333336,4.92125
Trælfjell,E18 Arendal-Tvedestrand,2021-05-31,7.070575000764209e+17,58.52724,8.84721,4848.0,223710.0,30.330107526881722,9.45
Trælfjell,E18 Arendal-Tvedestrand,2021-06-30,7.070575000764209e+17,58.52724,8.84721,4848.0,223710.0,35.29555555555556,15.854999999999999
Trælfjell,E18 Arendal-Tvedestrand,2021-07-31,7.070575000764209e+17,58.52724,8.84721,4848.0,223710.0,34.86774193548387,18.305913978494623
Trælfjell,E18 Arendal-Tvedestrand,2021-08-31,7.070575000764209e+17,58.52724,8.84721,4848.0,223710.0,31.39462365591398,15.153897849462366
Trælfjell,E18 Arendal-Tvedestrand,2021-09-30,6.599203334046595e+17,54.625423999999995,8.257396,4524.8,208796.0,21.47111111111111,11.999027777777778
Trælfjell,E18 Arendal-Tvedestrand,2021-10-31,6.842491936223428e+17,56.63926451612903,8.561816129032259,4691.612903225807,216493.5483870968,18.60137634408602,8.809252688172043
Trælfjell,E18 Arendal-Tvedestrand,2021-11-30,6.834889167405402e+17,56.576332,8.552303,4686.4,216253.0,15.42925,3.842638888888889
Trælfjell,E18 Arendal-Tvedestrand,2021-12-31,6.826762069703374e+17,56.509059310344824,8.542133793103448,4680.827586206897,215995.8620689655,18.08850574712644,-2.311494252873563
Ulvegutua,E6 Arnkvern-Moelv,2021-01-31,7.070575000205727e+17,60.91367999999999,10.761900000000002,2360.0,0.0,4.990561827956989,0.0
Ulvegutua,E6 Arnkvern-Moelv,2021-02-28,7.070575000205728e+17,60.91368,10.761900000000002,2360.0,0.0,4.364831845238095,0.0
Ulvegutua,E6 Arnkvern-Moelv,2021-03-31,7.070575000205727e+17,60.91367999999999,10.761900000000002,2360.0,0.0,3.6228399368863955,0.0
Ulvegutua,E6 Arnkvern-Moelv,2021-04-30,7.070575000205727e+17,60.91368,10.761900000000002,2360.0,0.0,2.8670833333333334,0.0
Ulvegutua,E6 Arnkvern-Moelv,2021-05-31,7.070575000205727e+17,60.91367999999999,10.761900000000002,2360.0,0.0,2.1308548387096775,0.0
Ulvegutua,E6 Arnkvern-Moelv,2021-06-30,7.070575000205727e+17,60.91368,10.761900000000002,2360.0,0.0,1.6384347222222222,0.0
Ulvegutua,E6 Arnkvern-Moelv,2021-07-31,7.070575000205727e+17,60.91367999999999,10.761900000000002,2360.0,0.0,1.8382768817204302,0.0
Ulvegutua,E6 Arnkvern-Moelv,2021-08-31,7.070575000205727e+17,60.91367999999999,10.761900000000002,2360.0,0.0,2.5060067204301077,0.0
Ulvegutua,E6 Arnkvern-Moelv,2021-09-30,7.070575000205727e+17,60.91368,10.761900000000002,2360.0,0.0,3.2514638888888885,0.0
Ulvegutua,E6 Arnkvern-Moelv,2021-10-31,7.070575000205727e+17,60.91368000000001,10.761900000000002,2360.0,0.0,4.018567258064516,0.0
Ulvegutua,E6 Arnkvern-Moelv,2021-11-30,7.070575000205727e+17,60.91368,10.761900000000002,2360.0,0.0,4.733711111111111,0.0
Ulvegutua,E6 Arnkvern-Moelv,2021-12-31,7.070575000205727e+17,60.91368000000001,10.761900000000002,2360.0,0.0,5.157948275862069,0.0
Vennevannsliene,E18 Arendal-Tvedestrand,2021-01-31,7.070575000763981e+17,58.60443,8.899979999999998,4849.0,54380.0,9.623655913978494,-3.7447580645161294
Vennevannsliene,E18 Arendal-Tvedestrand,2021-02-28,7.07057500076398e+17,58.60443,8.89998,4849.0,54380.0,8.447619047619048,-2.129761904761905
Vennevannsliene,E18 Arendal-Tvedestrand,2021-03-31,7.070575000763981e+17,58.60443,8.899979999999998,4849.0,54380.0,6.757924263674615,3.6749532491818604
Vennevannsliene,E18 Arendal-Tvedestrand,2021-04-30,7.070575000763981e+17,58.60443,8.89998,4849.0,54380.0,5.591111111111112,4.92125
Vennevannsliene,E18 Arendal-Tvedestrand,2021-05-31,7.070575000763981e+17,58.60443,8.899979999999998,4849.0,54380.0,4.2,9.45
Vennevannsliene,E18 Arendal-Tvedestrand,2021-06-30,7.070575000763981e+17,58.60443,8.89998,4849.0,54380.0,3.716666666666667,15.854999999999999
Vennevannsliene,E18 Arendal-Tvedestrand,2021-07-31,7.070575000763981e+17,58.60443,8.899979999999998,4849.0,54380.0,3.781720430107527,18.305913978494623
Vennevannsliene,E18 Arendal-Tvedestrand,2021-08-31,7.070575000763981e+17,58.60443,8.899979999999998,4849.0,54380.0,4.408602150537634,15.153897849462366
Vennevannsliene,E18 Arendal-Tvedestrand,2021-09-30,6.599203334046381e+17,54.697468,8.306648,4525.733333333334,50754.666666666664,4.7844444444444445,11.999027777777778
Vennevannsliene,E18 Arendal-Tvedestrand,2021-10-31,6.842491936223206e+17,56.71396451612903,8.61288387096774,4692.580645161291,52625.8064516129,6.060043010752688,8.809252688172043
Vennevannsliene,E18 Arendal-Tvedestrand,2021-11-30,6.834889167405181e+17,56.650949,8.603314000000001,4687.366666666667,52567.333333333336,7.736291666666667,3.842638888888889
Vennevannsliene,E18 Arendal-Tvedestrand,2021-12-31,6.826762069703153e+17,56.5835875862069,8.593084137931033,4681.793103448276,52504.8275862069,9.2816091954023,-2.311494252873563
Årdalen,E18 Arendal-Tvedestrand,2021-01-31,7.070575000764118e+17,58.56382,8.89368,4849.0,44298.0,7.906706989247311,-3.7447580645161294
Årdalen,E18 Arendal-Tvedestrand,2021-02-28,7.070575000764118e+17,58.56382,8.89368,4849.0,44298.0,6.8698065476190475,-2.129761904761905
Årdalen,E18 Arendal-Tvedestrand,2021-03-31,7.070575000764118e+17,58.56382,8.89368,4849.0,44298.0,5.427568957456755,3.6749532491818604
Årdalen,E18 Arendal-Tvedestrand,2021-04-30,7.070575000764118e+17,58.56382,8.89368,4849.0,44298.0,4.128861111111111,4.92125
Årdalen,E18 Arendal-Tvedestrand,2021-05-31,7.070575000764118e+17,58.56382,8.89368,4849.0,44298.0,2.931922043010753,9.45
Årdalen,E18 Arendal-Tvedestrand,2021-06-30,7.070575000764118e+17,58.56382,8.89368,4849.0,44298.0,2.29075,15.854999999999999
Årdalen,E18 Arendal-Tvedestrand,2021-07-31,7.070575000764118e+17,58.56382,8.89368,4849.0,44298.0,2.5386693548387096,18.305913978494623
Årdalen,E18 Arendal-Tvedestrand,2021-08-31,7.070575000764118e+17,58.56382,8.89368,4849.0,44298.0,3.3836424731182797,15.153897849462366
Årdalen,E18 Arendal-Tvedestrand,2021-09-30,6.59920333404651e+17,54.65956533333333,8.300768,4525.733333333334,41344.8,4.1846250000000005,11.999027777777778
Årdalen,E18 Arendal-Tvedestrand,2021-10-31,6.842491936223341e+17,56.674664516129035,8.606787096774195,4692.580645161291,42869.032258064515,5.527695161290323,8.809252688172043
Årdalen,E18 Arendal-Tvedestrand,2021-11-30,6.834889167405315e+17,56.61169266666666,8.597224,4687.366666666667,42821.4,6.940250000000001,3.842638888888889
Årdalen,E18 Arendal-Tvedestrand,2021-12-31,6.826762069703286e+17,56.54437793103448,8.587001379310344,4681.793103448276,42770.48275862069,7.902528735632185,-2.311494252873563
Åshøgdvegen,E6 Arnkvern-Moelv,2021-01-31,7.07057500020573e+17,60.89554999999999,10.84395,2360.0,0.0,7.899571236559139,0.0
Åshøgdvegen,E6 Arnkvern-Moelv,2021-02-28,7.07057500020573e+17,60.89554999999999,10.843949999999998,2360.0,0.0,7.139866071428571,0.0
Åshøgdvegen,E6 Arnkvern-Moelv,2021-03-31,7.07057500020573e+17,60.89554999999999,10.84395,2360.0,0.0,5.874981416549789,0.0
Åshøgdvegen,E6 Arnkvern-Moelv,2021-04-30,7.07057500020573e+17,60.89554999999999,10.84395,2360.0,0.0,4.668801388888889,0.0
Åshøgdvegen,E6 Arnkvern-Moelv,2021-05-31,7.07057500020573e+17,60.89554999999999,10.84395,2360.0,0.0,3.4093319892473115,0.0
Åshøgdvegen,E6 Arnkvern-Moelv,2021-06-30,7.07057500020573e+17,60.89554999999999,10.84395,2360.0,0.0,2.570801388888889,0.0
Åshøgdvegen,E6 Arnkvern-Moelv,2021-07-31,7.07057500020573e+17,60.89554999999999,10.84395,2360.0,0.0,2.6355833333333334,0.0
Åshøgdvegen,E6 Arnkvern-Moelv,2021-08-31,7.07057500020573e+17,60.89554999999999,10.84395,2360.0,0.0,3.8222379032258065,0.0
Åshøgdvegen,E6 Arnkvern-Moelv,2021-09-30,7.07057500020573e+17,60.89554999999999,10.84395,2360.0,0.0,4.982513888888889,0.0
Åshøgdvegen,E6 Arnkvern-Moelv,2021-10-31,7.07057500020573e+17,60.89554999999999,10.84395,2360.0,0.0,6.16280306451613,0.0
Åshøgdvegen,E6 Arnkvern-Moelv,2021-11-30,7.07057500020573e+17,60.89554999999999,10.84395,2360.0,0.0,7.675629166666667,0.0
Åshøgdvegen,E6 Arnkvern-Moelv,2021-12-31,7.07057500020573e+17,60.89555,10.84395,2360.0,0.0,7.8613045977011495,0.0
