StasjonsNavn,date,MaalepunktID,Lat,Lon,PostKode,AarligForbruk,ForbruksVerdi,Temperatur
743.201,2021-09-30,3.563569800385658e+20,29279.627999999997,3842.38512,2276064.0,8770608.0,932.67,6788.7
743.201,2021-10-31,5.2675783755700706e+20,43280.4025,5679.7161,3364420.0,12964490.0,1411.86,8007.9
743.201,2021-11-30,4.921120200532576e+20,40433.772,5306.15088,3143136.0,12111792.0,1334.3,4412.8
743.201,2021-12-31,5.0908140005509405e+20,41828.04,5489.1216,3251520.0,12529440.0,1315.22,725.6
743.202,2021-08-31,8.484690000918254e+19,6968.1492,904.1352,541920.0,13035240.0,1191.71,1987.7
743.202,2021-09-30,5.090814000550953e+20,41808.8952,5424.8112,3251520.0,78211440.0,8142.08,10194.0
743.202,2021-10-31,5.267578375570083e+20,43260.59295,5613.1727,3364420.0,80927115.0,8375.42,8007.9
743.202,2021-11-30,4.921120200532588e+20,40415.26536,5243.98416,3143136.0,75604392.0,7811.49,4412.8
743.202,2021-12-31,5.090814000550953e+20,41808.8952,5424.8112,3251520.0,78211440.0,8126.2,725.6
Bråten bru,2021-01-31,5.260507800568406e+20,43581.3624,6625.7887200000005,3607656.0,33122880.0,6103.87,-2786.1
Bråten bru,2021-02-28,4.7514264005133985e+20,39363.811200000004,5984.5833600000005,3258528.0,29917440.0,4773.72,-1431.2
Bråten bru,2021-03-31,5.253437225567641e+20,43522.7853,6616.88309,3602807.0,33078360.0,4059.71,2731.7
Bråten bru,2021-04-30,5.09081400055007e+20,42175.512,6412.0536,3491280.0,32054400.0,2975.91,3543.3
Bråten bru,2021-05-31,5.260507800568406e+20,43581.3624,6625.7887200000005,3607656.0,33122880.0,2152.84,7030.8
Bråten bru,2021-06-30,5.09081400055007e+20,42175.512,6412.0536,3491280.0,32054400.0,1613.54,11415.6
Bråten bru,2021-07-31,5.260507800568406e+20,43581.3624,6625.7887200000005,3607656.0,33122880.0,1843.74,13619.6
Bråten bru,2021-08-31,5.260507800568406e+20,43581.3624,6625.7887200000005,3607656.0,33122880.0,2427.38,11274.5
Bråten bru,2021-09-30,4.7514264005133985e+20,39363.811200000004,5984.5833600000005,3258528.0,29917440.0,2913.23,8639.3
Bråten bru,2021-10-31,5.097884575550834e+20,42234.089100000005,6420.95923,3496129.0,32098920.0,4027.76,6563.7
Bråten bru,2021-11-30,4.921120200531734e+20,40769.6616,6198.31848,3374904.0,30985920.0,5084.84,2766.7
Bråten bru,2021-12-31,5.09081400055007e+20,42175.512,6412.0536,3491280.0,32054400.0,6090.19,-1383.1
Europaveien0,2021-01-31,5.2605078003148515e+20,43896.05208,7137.77976,2951448.0,60683616.0,18559.842,0.0
Europaveien0,2021-02-28,4.751426400284382e+20,39648.04704,6447.02688,2665824.0,54811008.0,19376.918,0.0
Europaveien0,2021-03-31,5.253437225314428e+20,43837.05201,7128.18597,2947481.0,60602052.0,14700.224,0.0
Europaveien0,2021-04-30,5.090814000304695e+20,42480.0504,6907.5288,2856240.0,58726080.0,2064.993,0.0
Europaveien0,2021-05-31,5.2605078003148515e+20,43896.05208,7137.77976,2951448.0,60683616.0,1900.888,0.0
Europaveien0,2021-06-30,5.090814000304695e+20,42480.0504,6907.5288,2856240.0,58726080.0,1452.985,0.0
Europaveien0,2021-07-31,5.2605078003148515e+20,43896.05208,7137.77976,2951448.0,60683616.0,3868.202,0.0
Europaveien0,2021-08-31,5.2605078003148515e+20,43896.05208,7137.77976,2951448.0,60683616.0,5598.52,0.0
Europaveien0,2021-09-30,4.751426400284382e+20,39648.04704,6447.02688,2665824.0,54811008.0,2574.315,0.0
Europaveien0,2021-10-31,5.097884575305118e+20,42539.05047,6917.12259,2860207.0,58807644.0,3415.492,0.0
Europaveien0,2021-11-30,4.921120200294538e+20,41064.04872,6677.27784,2761032.0,56768544.0,4491.384,0.0
Europaveien0,2021-12-31,4.921120200294538e+20,41064.04872,6677.27784,2761032.0,56768544.0,13396.816,0.0
Europaveien1,2021-01-31,5.2605078003148515e+20,43897.7484,7154.623919999999,2951448.0,20895240.0,3307.771,0.0
Europaveien1,2021-02-28,4.751426400284382e+20,39649.5792,6462.240959999999,2665824.0,18873120.0,2575.465,0.0
Europaveien1,2021-03-31,5.253437225314428e+20,43838.74605,7145.00749,2947481.0,20867155.0,2275.809,0.0
Europaveien1,2021-04-30,5.090814000304695e+20,42481.692,6923.829599999999,2856240.0,20221200.0,1749.734,0.0
Europaveien1,2021-05-31,5.2605078003148515e+20,43897.7484,7154.623919999999,2951448.0,20895240.0,1630.333,0.0
Europaveien1,2021-06-30,5.090814000304695e+20,42481.692,6923.829599999999,2856240.0,20221200.0,1247.2930000000001,0.0
Europaveien1,2021-07-31,5.2605078003148515e+20,43897.7484,7154.623919999999,2951448.0,20895240.0,1420.186,0.0
Europaveien1,2021-08-31,5.2605078003148515e+20,43897.7484,7154.623919999999,2951448.0,20895240.0,1861.081,0.0
Europaveien1,2021-09-30,4.751426400284382e+20,39649.5792,6462.240959999999,2665824.0,18873120.0,2201.236,0.0
Europaveien1,2021-10-31,5.097884575305118e+20,42540.69435,6933.446029999999,2860207.0,20249285.0,2906.848,0.0
Europaveien1,2021-11-30,4.921120200294538e+20,41065.6356,6693.035279999999,2761032.0,19547160.0,3328.767,0.0
Europaveien1,2021-12-31,4.921120200294538e+20,41065.6356,6693.035279999999,2761032.0,19547160.0,2797.606,0.0
Europaveien10,2021-01-31,5.2605078003148515e+20,43902.71088,7162.35408,2951448.0,19608120.0,3127.949,0.0
Europaveien10,2021-02-28,4.751426400284382e+20,39654.06144,6469.22304,2665824.0,17710560.0,2427.288,0.0
Europaveien10,2021-03-31,5.253437225314428e+20,43843.70186,7152.727260000001,2947481.0,19581765.0,2136.1,0.0
Europaveien10,2021-04-30,5.090814000304695e+20,42486.4944,6931.3104,2856240.0,18975600.0,1611.965,0.0
Europaveien10,2021-05-31,5.2605078003148515e+20,43902.71088,7162.35408,2951448.0,19608120.0,1491.481,0.0
Europaveien10,2021-06-30,5.090814000304695e+20,42486.4944,6931.3104,2856240.0,18975600.0,1116.802,0.0
Europaveien10,2021-07-31,5.2605078003148515e+20,43902.71088,7162.35408,2951448.0,19608120.0,1283.671,0.0
Europaveien10,2021-08-31,5.2605078003148515e+20,43902.71088,7162.35408,2951448.0,19608120.0,1720.262,0.0
Europaveien10,2021-09-30,4.751426400284382e+20,39654.06144,6469.22304,2665824.0,17710560.0,2073.21,0.0
Europaveien10,2021-10-31,5.097884575305118e+20,42545.50342,6940.937220000001,2860207.0,19001955.0,2772.919,0.0
Europaveien10,2021-11-30,4.921120200294538e+20,41070.27792,6700.2667200000005,2761032.0,18343080.0,3169.5190000000002,0.0
Europaveien10,2021-12-31,5.090814000304695e+20,42486.4944,6931.3104,2856240.0,18975600.0,2433.243,0.0
Europaveien11,2021-01-31,5.2605078003148515e+20,43906.1556,7174.41432,2951448.0,22592304.0,3451.606,0.0
Europaveien11,2021-02-28,4.751426400284382e+20,39657.1728,6480.11616,2665824.0,20405952.0,2752.083,0.0
Europaveien11,2021-03-31,5.253437225314428e+20,43847.14195,7164.77129,2947481.0,22561938.0,2504.392,0.0
Europaveien11,2021-04-30,5.090814000304695e+20,42489.828,6942.9816,2856240.0,21863520.0,2000.177,0.0
Europaveien11,2021-05-31,5.2605078003148515e+20,43906.1556,7174.41432,2951448.0,22592304.0,1892.4759999999999,0.0
Europaveien11,2021-06-30,5.090814000304695e+20,42489.828,6942.9816,2856240.0,21863520.0,1540.858,0.0
Europaveien11,2021-07-31,5.2605078003148515e+20,43906.1556,7174.41432,2951448.0,22592304.0,1707.35,0.0
Europaveien11,2021-08-31,5.2605078003148515e+20,43906.1556,7174.41432,2951448.0,22592304.0,2121.036,0.0
Europaveien11,2021-09-30,4.751426400284382e+20,39657.1728,6480.11616,2665824.0,20405952.0,2368.467,0.0
Europaveien11,2021-10-31,5.097884575305118e+20,42548.84165,6952.624629999999,2860207.0,21893886.0,3025.263,0.0
Europaveien11,2021-11-30,4.921120200294538e+20,41073.5004,6711.548879999999,2761032.0,21134736.0,3411.148,0.0
Europaveien11,2021-12-31,4.921120200294538e+20,41073.5004,6711.548879999999,2761032.0,21134736.0,2749.756,0.0
Europaveien2,2021-01-31,5.2605078003148515e+20,43908.80424,7184.07144,2951448.0,15538440.0,2454.058,0.0
Europaveien2,2021-02-28,4.751426400284382e+20,39659.56512,6488.83872,2665824.0,14034720.0,1910.392,0.0
Europaveien2,2021-03-31,5.253437225314428e+20,43849.78703,7174.41543,2947481.0,15517555.0,1698.469,0.0
Europaveien2,2021-04-30,5.090814000304695e+20,42492.3912,6952.3272,2856240.0,15037200.0,1292.809,0.0
Europaveien2,2021-05-31,5.2605078003148515e+20,43908.80424,7184.07144,2951448.0,15538440.0,1201.549,0.0
Europaveien2,2021-06-30,5.090814000304695e+20,42492.3912,6952.3272,2856240.0,15037200.0,906.039,0.0
Europaveien2,2021-07-31,5.2605078003148515e+20,43908.80424,7184.07144,2951448.0,15538440.0,1036.004,0.0
Europaveien2,2021-08-31,5.2605078003148515e+20,43908.80424,7184.07144,2951448.0,15538440.0,1372.145,0.0
Europaveien2,2021-09-30,4.751426400284382e+20,39659.56512,6488.83872,2665824.0,14034720.0,1640.039,0.0
Europaveien2,2021-10-31,5.097884575305118e+20,42551.40841,6961.98321,2860207.0,15058085.0,2196.032,0.0
Europaveien2,2021-11-30,4.921120200294538e+20,41075.97816,6720.58296,2761032.0,14535960.0,2522.881,0.0
Europaveien2,2021-12-31,4.921120200294538e+20,41075.97816,6720.58296,2761032.0,14535960.0,2099.938,0.0
Europaveien3,2021-01-31,5.2605078003148515e+20,43911.996,7195.5216,2951448.0,28421544.0,4496.105,0.0
Europaveien3,2021-02-28,4.751426400284382e+20,39662.448000000004,6499.1808,2665824.0,25671072.0,3494.145,0.0
Europaveien3,2021-03-31,5.253437225314428e+20,43852.974500000004,7185.8502,2947481.0,28383343.0,3084.882,0.0
Europaveien3,2021-04-30,5.090814000304695e+20,42495.48,6963.408,2856240.0,27504720.0,2358.861,0.0
Europaveien3,2021-05-31,5.2605078003148515e+20,43911.996,7195.5216,2951448.0,28421544.0,2196.92,0.0
Europaveien3,2021-06-30,5.090814000304695e+20,42495.48,6963.408,2856240.0,27504720.0,1657.934,0.0
Europaveien3,2021-07-31,5.2605078003148515e+20,43911.996,7195.5216,2951448.0,28421544.0,1901.765,0.0
Europaveien3,2021-08-31,5.2605078003148515e+20,43911.996,7195.5216,2951448.0,28421544.0,2525.544,0.0
Europaveien3,2021-09-30,4.751426400284382e+20,39662.448000000004,6499.1808,2665824.0,25671072.0,3011.375,0.0
Europaveien3,2021-10-31,5.097884575305118e+20,42554.501500000006,6973.0794000000005,2860207.0,27542921.0,4024.157,0.0
Europaveien3,2021-11-30,4.921120200294538e+20,41078.964,6731.2944,2761032.0,26587896.0,4606.589,0.0
Europaveien3,2021-12-31,5.090814000304695e+20,42495.48,6963.408,2856240.0,27504720.0,3181.942,0.0
Europaveien4,2021-06-30,5.090814000304695e+20,42481.1304,6915.556799999999,2856240.0,14801760.0,826.497,0.0
Europaveien4,2021-07-31,5.2605078003148515e+20,43897.16808,7146.075359999999,2951448.0,15295152.0,954.803,0.0
Europaveien4,2021-08-31,5.2605078003148515e+20,43897.16808,7146.075359999999,2951448.0,15295152.0,1293.51,0.0
Europaveien4,2021-09-30,4.751426400284382e+20,39649.05504,6454.519679999999,2665824.0,13814976.0,1566.758,0.0
Europaveien4,2021-10-31,5.097884575305118e+20,42540.13197,6925.16174,2860207.0,14822318.0,2086.39,0.0
Europaveien4,2021-11-30,4.921120200294538e+20,41065.09272,6685.03824,2761032.0,14308368.0,2393.7,0.0
Europaveien4,2021-12-31,5.090814000304695e+20,42481.1304,6915.556799999999,2856240.0,14801760.0,1833.126,0.0
Europaveien5,2021-01-31,5.26050780031485e+20,43877.3628,7086.84552,2951448.0,14074992.0,2523.703,0.0
Europaveien5,2021-02-28,4.751426400284381e+20,39631.1664,6401.0217600000005,2665824.0,12712896.0,1955.068,0.0
Europaveien5,2021-03-31,5.253437225314427e+20,43818.38785,7077.32019,2947481.0,14056074.0,1722.456,0.0
Europaveien5,2021-04-30,5.0908140003046936e+20,42461.964,6858.2376,2856240.0,13620960.0,1300.173,0.0
Europaveien5,2021-05-31,5.26050780031485e+20,43877.3628,7086.84552,2951448.0,14074992.0,1164.982,0.0
Europaveien5,2021-06-30,5.0908140003046936e+20,42461.964,6858.2376,2856240.0,13620960.0,867.063,0.0
Europaveien5,2021-07-31,5.26050780031485e+20,43877.3628,7086.84552,2951448.0,14074992.0,1001.816,0.0
Europaveien5,2021-08-31,5.26050780031485e+20,43877.3628,7086.84552,2951448.0,14074992.0,1356.335,0.0
Europaveien5,2021-09-30,4.751426400284381e+20,39631.1664,6401.0217600000005,2665824.0,12712896.0,1645.552,0.0
Europaveien5,2021-10-31,5.097884575305117e+20,42520.93895,6867.76293,2860207.0,13639878.0,2220.696,0.0
Europaveien5,2021-11-30,4.9211202002945376e+20,41046.5652,6629.62968,2761032.0,13166928.0,2548.872,0.0
Europaveien5,2021-12-31,4.9211202002945376e+20,41046.5652,6629.62968,2761032.0,13166928.0,1943.277,0.0
Europaveien6,2021-01-31,5.26050780031485e+20,43875.0564,7077.962159999999,2951448.0,26734896.0,4441.21,0.0
Europaveien6,2021-02-28,4.751426400284381e+20,39629.0832,6392.998079999999,2665824.0,24147648.0,3526.722,0.0
Europaveien6,2021-03-31,5.253437225314427e+20,43816.08455,7068.44877,2947481.0,26698962.0,3196.21,0.0
Europaveien6,2021-04-30,5.0908140003046936e+20,42459.732,6849.640799999999,2856240.0,25872480.0,2475.073,0.0
Europaveien6,2021-05-31,5.26050780031485e+20,43875.0564,7077.962159999999,2951448.0,26734896.0,1909.989,0.0
Europaveien6,2021-06-30,5.0908140003046936e+20,42459.732,6849.640799999999,2856240.0,25872480.0,1423.425,0.0
Europaveien6,2021-07-31,5.26050780031485e+20,43875.0564,7077.962159999999,2951448.0,26734896.0,1638.8220000000001,0.0
Europaveien6,2021-08-31,5.26050780031485e+20,43875.0564,7077.962159999999,2951448.0,26734896.0,2169.872,0.0
Europaveien6,2021-09-30,4.751426400284381e+20,39629.0832,6392.998079999999,2665824.0,24147648.0,2582.606,0.0
Europaveien6,2021-10-31,5.097884575305117e+20,42518.703850000005,6859.154189999999,2860207.0,25908414.0,3432.191,0.0
Europaveien6,2021-11-30,4.9211202002945376e+20,41044.407600000006,6621.319439999999,2761032.0,25010064.0,3952.625,0.0
Europaveien6,2021-12-31,4.9211202002945376e+20,41044.407600000006,6621.319439999999,2761032.0,25010064.0,3363.111,0.0
Europaveien7,2021-01-31,5.2605078003148515e+20,43881.01584,7095.10392,2951448.0,24273744.0,3754.785,0.0
Europaveien7,2021-02-28,4.751426400284382e+20,39634.46592,6408.48096,2665824.0,21924672.0,2958.43,0.0
Europaveien7,2021-03-31,5.253437225314428e+20,43822.03598,7085.567489999999,2947481.0,24241118.0,2661.522,0.0
Europaveien7,2021-04-30,5.090814000304695e+20,42465.4992,6866.2296,2856240.0,23490720.0,2079.195,0.0
Europaveien7,2021-05-31,5.2605078003148515e+20,43881.01584,7095.10392,2951448.0,24273744.0,1948.421,0.0
Europaveien7,2021-06-30,5.090814000304695e+20,42465.4992,6866.2296,2856240.0,23490720.0,1536.67,0.0
Europaveien7,2021-07-31,5.2605078003148515e+20,43881.01584,7095.10392,2951448.0,24273744.0,1728.89,0.0
Europaveien7,2021-08-31,5.2605078003148515e+20,43881.01584,7095.10392,2951448.0,24273744.0,2202.839,0.0
Europaveien7,2021-09-30,4.751426400284382e+20,39634.46592,6408.48096,2665824.0,21924672.0,2554.065,0.0
Europaveien7,2021-10-31,5.097884575305118e+20,42524.479060000005,6875.76603,2860207.0,23523346.0,3353.109,0.0
Europaveien7,2021-11-30,4.921120200294538e+20,41049.982560000004,6637.35528,2761032.0,22707696.0,3791.309,0.0
Europaveien7,2021-12-31,5.090814000304695e+20,42465.4992,6866.2296,2856240.0,23490720.0,2910.622,0.0
Europaveien8,2021-01-31,5.2605078003148515e+20,43886.38008,7113.24264,2951448.0,30082896.0,4761.309,0.0
Europaveien8,2021-02-28,4.751426400284382e+20,39639.31104,6424.86432,2665824.0,27171648.0,3701.609,0.0
Europaveien8,2021-03-31,5.253437225314428e+20,43827.39301,7103.68183,2947481.0,30042462.0,3278.176,0.0
Europaveien8,2021-04-30,5.090814000304695e+20,42470.6904,6883.7832,2856240.0,29112480.0,2491.712,0.0
Europaveien8,2021-05-31,5.2605078003148515e+20,43886.38008,7113.24264,2951448.0,30082896.0,2330.713,0.0
Europaveien8,2021-06-30,5.090814000304695e+20,42470.6904,6883.7832,2856240.0,29112480.0,1762.887,0.0
Europaveien8,2021-07-31,5.2605078003148515e+20,43886.38008,7113.24264,2951448.0,30082896.0,2016.358,0.0
Europaveien8,2021-08-31,5.2605078003148515e+20,43886.38008,7113.24264,2951448.0,30082896.0,2664.441,0.0
Europaveien8,2021-09-30,4.751426400284382e+20,39639.31104,6424.86432,2665824.0,27171648.0,3166.764,0.0
Europaveien8,2021-10-31,5.097884575305118e+20,42529.67747,6893.34401,2860207.0,29152914.0,4223.701,0.0
Europaveien8,2021-11-30,4.921120200294538e+20,41055.000720000004,6654.32376,2761032.0,28142064.0,4836.209,0.0
Europaveien8,2021-12-31,5.090814000304695e+20,42470.6904,6883.7832,2856240.0,29112480.0,2801.76,0.0
Europaveien9,2021-01-31,5.2605078003148515e+20,43890.7548,7125.302879999999,2951448.0,20137848.0,3217.465,0.0
Europaveien9,2021-02-28,4.751426400284382e+20,39643.2624,6435.757439999999,2665824.0,18189024.0,2494.19,0.0
Europaveien9,2021-03-31,5.253437225314428e+20,43831.76185,7115.72586,2947481.0,20110781.0,2192.565,0.0
Europaveien9,2021-04-30,5.090814000304695e+20,42474.924,6895.4544,2856240.0,19488240.0,1651.944,0.0
Europaveien9,2021-05-31,5.2605078003148515e+20,43890.7548,7125.302879999999,2951448.0,20137848.0,1522.0,0.0
Europaveien9,2021-06-30,5.090814000304695e+20,42474.924,6895.4544,2856240.0,19488240.0,1145.034,0.0
Europaveien9,2021-07-31,5.2605078003148515e+20,43890.7548,7125.302879999999,2951448.0,20137848.0,1316.461,0.0
Europaveien9,2021-08-31,5.2605078003148515e+20,43890.7548,7125.302879999999,2951448.0,20137848.0,1762.123,0.0
Europaveien9,2021-09-30,4.751426400284382e+20,39643.2624,6435.757439999999,2665824.0,18189024.0,2122.451,0.0
Europaveien9,2021-10-31,5.097884575305118e+20,42533.91695,6905.031419999999,2860207.0,19515307.0,2843.3269999999998,0.0
Europaveien9,2021-11-30,4.921120200294538e+20,41059.0932,6665.605919999999,2761032.0,18838632.0,3260.16,0.0
Europaveien9,2021-12-31,5.090814000304695e+20,42474.924,6895.4544,2856240.0,19488240.0,2984.617,0.0
Fløyheia,2021-01-31,5.26050780056857e+20,43620.21408,6619.78464,3606912.0,297230976.0,27940.8,-2786.1
Fløyheia,2021-02-28,4.751426400513547e+20,39398.90304,5979.16032,3257856.0,268466688.0,31022.4,-1431.2
Fløyheia,2021-03-31,5.253437225567806e+20,43561.58476,6610.88708,3602064.0,296831472.0,34152.0,2731.7
Fløyheia,2021-04-30,5.0908140005502294e+20,42213.1104,6406.2432,3490560.0,287642880.0,42277.2,3543.3
Fløyheia,2021-05-31,5.26050780056857e+20,43620.21408,6619.78464,3606912.0,297230976.0,40072.8,7030.8
Fløyheia,2021-06-30,5.0908140005502294e+20,42213.1104,6406.2432,3490560.0,287642880.0,45943.2,11415.6
Fløyheia,2021-07-31,5.26050780056857e+20,43620.21408,6619.78464,3606912.0,297230976.0,46358.4,13619.6
Fløyheia,2021-08-31,5.26050780056857e+20,43620.21408,6619.78464,3606912.0,297230976.0,40339.2,11274.5
Fløyheia,2021-09-30,4.751426400513547e+20,39398.90304,5979.16032,3257856.0,268466688.0,27678.0,8639.3
Fløyheia,2021-10-31,5.097884575550993e+20,42271.73972,6415.14076,3495408.0,288042384.0,23818.4,6563.7
Fløyheia,2021-11-30,4.921120200531888e+20,40806.00672,6192.70176,3374208.0,278054784.0,20212.4,2766.7
Fløyheia,2021-12-31,5.0908140005502294e+20,42213.1104,6406.2432,3490560.0,287642880.0,25219.2,-1383.1
Gamle Kongsveg,2021-01-31,5.26050780016225e+20,45275.96376,8178.4944,1726080.0,0.0,5271.924,-6874.2
Gamle Kongsveg,2021-02-28,4.751426400146549e+20,40894.41888,7387.0271999999995,1559040.0,0.0,4140.402,-4700.4
Gamle Kongsveg,2021-03-31,5.2534372251620324e+20,45215.10897,8167.5018,1723760.0,0.0,3746.421,1029.3
Gamle Kongsveg,2021-04-30,5.090814000157017e+20,43815.4488,7914.672,1670400.0,0.0,2795.302,2819.3
Gamle Kongsveg,2021-05-31,5.26050780016225e+20,45275.96376,8178.4944,1726080.0,0.0,2059.549,7042.0
Gamle Kongsveg,2021-06-30,5.090814000157017e+20,43815.4488,7914.672,1670400.0,0.0,1506.533,12092.3
Gamle Kongsveg,2021-07-31,5.26050780016225e+20,45275.96376,8178.4944,1726080.0,0.0,1774.857,13547.1
Gamle Kongsveg,2021-08-31,5.26050780016225e+20,45275.96376,8178.4944,1726080.0,0.0,2578.289,10938.6
Gamle Kongsveg,2021-09-30,5.090814000157017e+20,43815.4488,7914.672,1670400.0,0.0,3216.917,8370.7
Gamle Kongsveg,2021-10-31,5.267578375162469e+20,45336.81855,8189.486999999999,1728400.0,0.0,4100.615,5445.8
Gamle Kongsveg,2021-11-30,4.928190775152001e+20,42415.78863,7661.8422,1617040.0,0.0,4612.336,302.6
Gamle Kongsveg,2021-12-31,4.9211202001517825e+20,42354.93384,7650.8496,1614720.0,0.0,5052.665,-3526.9
Gatelys,2021-01-31,5.260507800152937e+20,45310.67136,8059.8636,1755840.0,0.0,3412.573,0.0
Gatelys,2021-02-28,4.751426400138137e+20,40925.76768,7279.8768,1585920.0,0.0,2663.253,0.0
Gatelys,2021-03-31,5.2534372251527315e+20,45249.76992,8049.03045,1753480.0,0.0,2411.375,0.0
Gatelys,2021-04-30,5.0908140001480036e+20,43849.0368,7799.8679999999995,1699200.0,0.0,1806.389,0.0
Gatelys,2021-05-31,5.260507800152937e+20,45310.67136,8059.8636,1755840.0,0.0,1345.81,0.0
Gatelys,2021-06-30,5.0908140001480036e+20,43849.0368,7799.8679999999995,1699200.0,0.0,995.764,0.0
Gatelys,2021-07-31,5.260507800152937e+20,45310.67136,8059.8636,1755840.0,0.0,1181.989,0.0
Gatelys,2021-08-31,5.260507800152937e+20,45310.67136,8059.8636,1755840.0,0.0,1654.422,0.0
Gatelys,2021-09-30,5.0908140001480036e+20,43849.0368,7799.8679999999995,1699200.0,0.0,2113.375,0.0
Gatelys,2021-10-31,5.2675783751531423e+20,45371.5728,8070.69675,1758200.0,0.0,2730.317,0.0
Gatelys,2021-11-30,5.0908140001480036e+20,43849.0368,7799.8679999999995,1699200.0,0.0,3033.911,0.0
Gatelys,2021-12-31,4.92112020014307e+20,42387.40224,7539.8724,1642560.0,0.0,3214.054,0.0
Gongeveien,2021-06-30,5.0908140003046936e+20,42456.7008,6828.393599999999,2856240.0,40665600.0,2219.168,0.0
Gongeveien,2021-07-31,5.26050780031485e+20,43871.92416,7056.006719999999,2951448.0,42021120.0,2539.856,0.0
Gongeveien,2021-08-31,5.26050780031485e+20,43871.92416,7056.006719999999,2951448.0,42021120.0,3393.63,0.0
Gongeveien,2021-09-30,4.751426400284381e+20,39626.25408,6373.1673599999995,2665824.0,37954560.0,4072.893,0.0
Gongeveien,2021-10-31,5.097884575305117e+20,42515.66844,6837.877479999999,2860207.0,40722080.0,5407.982,0.0
Gongeveien,2021-11-30,4.9211202002945376e+20,41041.47744,6600.780479999999,2761032.0,39310080.0,6213.114,0.0
Gongeveien,2021-12-31,4.9211202002945376e+20,41041.47744,6600.780479999999,2761032.0,39310080.0,8729.03,0.0
Grendstøl,2021-01-31,5.260507800568514e+20,43609.35168,6623.4972,3645600.0,44007600.0,7811.2,0.0
Grendstøl,2021-02-28,4.751426400513497e+20,39389.09184,5982.5136,3292800.0,39748800.0,6236.0,0.0
Grendstøl,2021-03-31,5.25343722556775e+20,43550.73696,6614.59465,3640700.0,43948450.0,5385.6,0.0
Grendstøl,2021-04-30,5.090814000550175e+20,42202.598399999995,6409.836,3528000.0,42588000.0,4351.2,0.0
Grendstøl,2021-05-31,5.260507800568514e+20,43609.35168,6623.4972,3645600.0,44007600.0,3412.8,0.0
Grendstøl,2021-06-30,5.090814000550175e+20,42202.598399999995,6409.836,3528000.0,42588000.0,2800.0,0.0
Grendstøl,2021-07-31,5.260507800568514e+20,43609.35168,6623.4972,3645600.0,44007600.0,3062.4,0.0
Grendstøl,2021-08-31,5.260507800568514e+20,43609.35168,6623.4972,3645600.0,44007600.0,3639.2,0.0
Grendstøl,2021-09-30,4.751426400513497e+20,39389.09184,5982.5136,3292800.0,39748800.0,3896.0,0.0
Grendstøl,2021-10-31,5.097884575550939e+20,42261.21312,6418.73855,3532900.0,42647150.0,4988.8,0.0
Grendstøl,2021-11-30,4.9211202005318356e+20,40795.84512,6196.1748,3410400.0,41168400.0,6019.46,0.0
Grendstøl,2021-12-31,5.090814000550175e+20,42202.598399999995,6409.836,3528000.0,42588000.0,7491.74,0.0
Harpviken,2021-01-31,5.260507800153059e+20,45300.203279999994,8104.11672,1773696.0,0.0,5507.18,0.0
Harpviken,2021-02-28,4.751426400138247e+20,40916.31264,7319.847360000001,1602048.0,0.0,4291.475,0.0
Harpviken,2021-03-31,5.253437225152853e+20,45239.31591,8093.224090000001,1771312.0,0.0,3873.64,0.0
Harpviken,2021-04-30,5.0908140001481215e+20,43838.9064,7842.6936000000005,1716480.0,0.0,2890.81,0.0
Harpviken,2021-05-31,5.260507800153059e+20,45300.203279999994,8104.11672,1773696.0,0.0,2141.044,0.0
Harpviken,2021-06-30,5.0908140001481215e+20,43838.9064,7842.6936000000005,1716480.0,0.0,1657.702,0.0
Harpviken,2021-07-31,5.260507800153059e+20,45300.203279999994,8104.11672,1773696.0,0.0,1875.234,0.0
Harpviken,2021-08-31,5.260507800153059e+20,45300.203279999994,8104.11672,1773696.0,0.0,2714.694,0.0
Harpviken,2021-09-30,5.0908140001481215e+20,43838.9064,7842.6936000000005,1716480.0,0.0,3498.708,0.0
Harpviken,2021-10-31,5.267578375153264e+20,45361.09065,8115.00935,1776080.0,0.0,4648.424,0.0
Harpviken,2021-11-30,5.0908140001481215e+20,43838.9064,7842.6936000000005,1716480.0,0.0,5357.011,0.0
Harpviken,2021-12-31,4.921120200143184e+20,42377.60952,7581.27048,1659264.0,0.0,5831.934,0.0
Hesthaugtunnel,2021-01-31,5.2605078005685033e+20,43538.15832,6576.03,3606912.0,332767392.0,26319.6,-2786.1
Hesthaugtunnel,2021-02-28,4.751426400513487e+20,39324.788160000004,5939.639999999999,3257856.0,300564096.0,30757.2,-1431.2
Hesthaugtunnel,2021-03-31,5.2534372255677396e+20,43479.63929,6567.19125,3602064.0,332320124.0,36807.6,2731.7
Hesthaugtunnel,2021-04-30,5.0908140005501646e+20,42133.7016,6363.9,3490560.0,322032960.0,51495.6,3543.3
Hesthaugtunnel,2021-05-31,5.2605078005685033e+20,43538.15832,6576.03,3606912.0,332767392.0,47107.2,7030.8
Hesthaugtunnel,2021-06-30,5.0908140005501646e+20,42133.7016,6363.9,3490560.0,322032960.0,54312.0,11415.6
Hesthaugtunnel,2021-07-31,5.2605078005685033e+20,43538.15832,6576.03,3606912.0,332767392.0,55732.8,13619.6
Hesthaugtunnel,2021-08-31,5.2605078005685033e+20,43538.15832,6576.03,3606912.0,332767392.0,50397.6,11274.5
Hesthaugtunnel,2021-09-30,4.751426400513487e+20,39324.788160000004,5939.639999999999,3257856.0,300564096.0,31653.6,8639.3
Hesthaugtunnel,2021-10-31,5.097884575550929e+20,42192.22063,6372.7387499999995,3495408.0,322480228.0,25312.8,6563.7
Hesthaugtunnel,2021-11-30,4.921120200531826e+20,40729.24488,6151.7699999999995,3374208.0,311298528.0,19378.0,2766.7
Hesthaugtunnel,2021-12-31,5.0908140005501646e+20,42133.7016,6363.9,3490560.0,322032960.0,22965.6,-1383.1
Kastbakkvegen,2021-06-30,3.393876000099507e+19,2924.03808,513.74208,114720.0,912048.0,4.453,0.0
Kastbakkvegen,2021-07-31,5.260507800154236e+20,45322.59024,7963.00224,1778160.0,14136744.0,5.609999999999999,0.0
Kastbakkvegen,2021-08-31,5.260507800154236e+20,45322.59024,7963.00224,1778160.0,14136744.0,29.787,0.0
Kastbakkvegen,2021-09-30,4.75142640013931e+20,40936.53312,7192.38912,1606080.0,12768672.0,2013.5,0.0
Kastbakkvegen,2021-10-31,5.097884575149468e+20,43921.488659999995,7716.834159999999,1723190.0,13699721.0,2705.547,0.0
Kastbakkvegen,2021-11-30,4.921120200144285e+20,42398.55216,7449.26016,1663440.0,13224696.0,1790.294,0.0
Kastbakkvegen,2021-12-31,5.0908140001492605e+20,43860.5712,7706.1312,1720800.0,13680720.0,2215.267,0.0
Langbakken,2021-01-31,5.260507800162242e+20,45270.54744,8204.18472,1726080.0,0.0,3682.792,-6874.2
Langbakken,2021-02-28,4.751426400146541e+20,40889.52672,7410.23136,1559040.0,0.0,2882.036,-4700.4
Langbakken,2021-03-31,5.253437225162024e+20,45209.69993,8193.157589999999,1723760.0,0.0,2598.204,1029.3
Langbakken,2021-04-30,5.090814000157008e+20,43810.2072,7939.5336,1670400.0,0.0,1950.233,2819.3
Langbakken,2021-05-31,5.260507800162242e+20,45270.54744,8204.18472,1726080.0,0.0,1542.08,7042.0
Langbakken,2021-06-30,5.090814000157008e+20,43810.2072,7939.5336,1670400.0,0.0,1279.463,12092.3
Langbakken,2021-07-31,5.260507800162242e+20,45270.54744,8204.18472,1726080.0,0.0,1493.905,13547.1
Langbakken,2021-08-31,5.260507800162242e+20,45270.54744,8204.18472,1726080.0,0.0,1993.3020000000001,10938.6
Langbakken,2021-09-30,5.090814000157008e+20,43810.2072,7939.5336,1670400.0,0.0,2477.901,8370.7
Langbakken,2021-10-31,5.26757837516246e+20,45331.39495,8215.21185,1728400.0,0.0,3163.05,5445.8
Langbakken,2021-11-30,4.928190775151993e+20,42410.71447,7685.90961,1617040.0,0.0,3549.594,246.20000000000002
Langbakken,2021-12-31,4.9211202001517747e+20,42349.86696,7674.88248,1614720.0,0.0,3847.801,-3526.9
Langsæveien,2021-01-31,5.260507800568694e+20,43503.68136,6506.02704,3605424.0,1632336.0,247.32,-2786.1
Langsæveien,2021-02-28,4.7514264005136594e+20,39293.64768,5876.41152,3256512.0,1474368.0,216.59,-1431.2
Langsæveien,2021-03-31,5.2534372255679296e+20,43445.20867,6497.28238,3600578.0,1630142.0,182.28,2731.7
Langsæveien,2021-04-30,5.0908140005503494e+20,42100.3368,6296.1552,3489120.0,1579680.0,170.73,3543.3
Langsæveien,2021-05-31,5.260507800568694e+20,43503.68136,6506.02704,3605424.0,1632336.0,159.17,7030.8
Langsæveien,2021-06-30,5.0908140005503494e+20,42100.3368,6296.1552,3489120.0,1579680.0,155.69,11415.6
Langsæveien,2021-07-31,5.260507800568694e+20,43503.68136,6506.02704,3605424.0,1632336.0,160.99,13619.6
Langsæveien,2021-08-31,5.260507800568694e+20,43503.68136,6506.02704,3605424.0,1632336.0,174.45,11274.5
Langsæveien,2021-09-30,4.7514264005136594e+20,39293.64768,5876.41152,3256512.0,1474368.0,201.69,8639.3
Langsæveien,2021-10-31,5.097884575551114e+20,42158.80949,6304.8998599999995,3493966.0,1581874.0,200.41,6563.7
Langsæveien,2021-11-30,4.921120200532004e+20,40696.99224,6086.283359999999,3372816.0,1527024.0,221.35,2766.7
Langsæveien,2021-12-31,5.0908140005503494e+20,42100.3368,6296.1552,3489120.0,1579680.0,320.49,-1383.1
Melgård,2021-01-31,5.260507800162244e+20,45275.35368,8184.007439999999,1726080.0,0.0,3165.205,-6874.2
Melgård,2021-02-28,4.751426400146543e+20,40893.86784,7392.006719999999,1559040.0,0.0,2481.932,-4700.4
Melgård,2021-03-31,5.253437225162026e+20,45214.49971,8173.00743,1723760.0,0.0,2260.919,1029.3
Melgård,2021-04-30,5.09081400015701e+20,43814.8584,7920.0072,1670400.0,0.0,1712.982,2819.3
Melgård,2021-05-31,5.260507800162244e+20,45275.35368,8184.007439999999,1726080.0,0.0,1299.067,7042.0
Melgård,2021-06-30,5.09081400015701e+20,43814.8584,7920.0072,1670400.0,0.0,978.928,12092.3
Melgård,2021-07-31,5.260507800162244e+20,45275.35368,8184.007439999999,1726080.0,0.0,1150.941,13547.1
Melgård,2021-08-31,5.260507800162244e+20,45275.35368,8184.007439999999,1726080.0,0.0,1592.016,10938.6
Melgård,2021-09-30,5.09081400015701e+20,43814.8584,7920.0072,1670400.0,0.0,1992.702,8370.7
Melgård,2021-10-31,5.267578375162462e+20,45336.20765,8195.00745,1728400.0,0.0,2554.117,5445.8
Melgård,2021-11-30,4.9281907751519945e+20,42415.21709,7667.0069699999995,1617040.0,0.0,2847.442,302.6
Melgård,2021-12-31,4.9211202001517766e+20,42354.363119999995,7656.00696,1614720.0,0.0,3074.932,-3526.9
Mørland,2021-01-31,5.260507800568514e+20,43531.46976,6562.2436800000005,3606912.0,51324840.0,8432.0,-2786.1
Mørland,2021-02-28,4.751426400513497e+20,39318.74688,5927.1878400000005,3257856.0,46357920.0,6872.8,-1431.2
Mørland,2021-03-31,5.25343722556775e+20,43472.95972,6553.423460000001,3602064.0,51255855.0,6370.4,2731.7
Mørland,2021-04-30,5.090814000550175e+20,42127.2288,6350.558400000001,3490560.0,49669200.0,5317.6,3543.3
Mørland,2021-05-31,5.260507800568514e+20,43531.46976,6562.2436800000005,3606912.0,51324840.0,4222.4,7030.8
Mørland,2021-06-30,5.090814000550175e+20,42127.2288,6350.558400000001,3490560.0,49669200.0,3669.6,11415.6
Mørland,2021-07-31,5.260507800568514e+20,43531.46976,6562.2436800000005,3606912.0,51324840.0,3860.0,13619.6
Mørland,2021-08-31,5.260507800568514e+20,43531.46976,6562.2436800000005,3606912.0,51324840.0,4505.599999999999,11274.5
Mørland,2021-09-30,4.751426400513497e+20,39318.74688,5927.1878400000005,3257856.0,46357920.0,4652.8,8639.3
Mørland,2021-10-31,5.097884575550939e+20,42185.73884,6359.37862,3495408.0,49738185.0,5790.4,6563.7
Mørland,2021-11-30,4.9211202005318356e+20,40722.987839999994,6138.87312,3374208.0,48013560.0,6787.2,2766.7
Mørland,2021-12-31,5.090814000550175e+20,42127.2288,6350.558400000001,3490560.0,49669200.0,8152.8,-1383.1
Nils Amblis veg,2021-01-31,5.2605078001622496e+20,45294.13224,8131.13136,1770720.0,0.0,5588.683,0.0
Nils Amblis veg,2021-02-28,4.751426400146548e+20,40910.82912,7344.24768,1599360.0,0.0,4418.775,0.0
Nils Amblis veg,2021-03-31,5.253437225162032e+20,45233.25303,8120.2024200000005,1768340.0,0.0,4032.902,0.0
Nils Amblis veg,2021-04-30,5.090814000157016e+20,43833.0312,7868.836800000001,1713600.0,0.0,3013.993,0.0
Nils Amblis veg,2021-05-31,5.2605078001622496e+20,45294.13224,8131.13136,1770720.0,0.0,2897.888,0.0
Nils Amblis veg,2021-06-30,5.090814000157016e+20,43833.0312,7868.836800000001,1713600.0,0.0,2282.765,0.0
Nils Amblis veg,2021-07-31,5.2605078001622496e+20,45294.13224,8131.13136,1770720.0,0.0,2614.779,0.0
Nils Amblis veg,2021-08-31,5.2605078001622496e+20,45294.13224,8131.13136,1770720.0,0.0,3441.788,0.0
Nils Amblis veg,2021-09-30,5.090814000157016e+20,43833.0312,7868.836800000001,1713600.0,0.0,4391.266,0.0
Nils Amblis veg,2021-10-31,5.2675783751624675e+20,45355.01145,8142.060300000001,1773100.0,0.0,5970.982,0.0
Nils Amblis veg,2021-11-30,4.928190775152e+20,42432.80937,7617.4711800000005,1658860.0,0.0,6855.538,0.0
Nils Amblis veg,2021-12-31,4.921120200151782e+20,42371.93016,7606.542240000001,1656480.0,0.0,7756.312,0.0
Nydalskrysset,2021-01-31,5.260507800162245e+20,45266.3736,8218.90848,1726080.0,0.0,3809.362,-6874.2
Nydalskrysset,2021-02-28,4.751426400146544e+20,40885.7568,7423.53024,1559040.0,0.0,3038.694,-4700.4
Nydalskrysset,2021-03-31,5.2534372251620265e+20,45205.5317,8207.86156,1723760.0,0.0,2720.876,1029.3
Nydalskrysset,2021-04-30,5.0908140001570115e+20,43806.168000000005,7953.7824,1670400.0,0.0,2028.67,2819.3
Nydalskrysset,2021-05-31,5.260507800162245e+20,45266.3736,8218.90848,1726080.0,0.0,1508.261,7042.0
Nydalskrysset,2021-06-30,5.0908140001570115e+20,43806.168000000005,7953.7824,1670400.0,0.0,1081.45,12092.3
Nydalskrysset,2021-07-31,5.260507800162245e+20,45266.3736,8218.90848,1726080.0,0.0,1279.686,13547.1
Nydalskrysset,2021-08-31,5.260507800162245e+20,45266.3736,8218.90848,1726080.0,0.0,1815.014,10938.6
Nydalskrysset,2021-09-30,5.0908140001570115e+20,43806.168000000005,7953.7824,1670400.0,0.0,2328.468,8370.7
Nydalskrysset,2021-10-31,5.267578375162463e+20,45327.2155,8229.9554,1728400.0,0.0,3045.7019999999998,5445.8
Nydalskrysset,2021-11-30,4.928190775151996e+20,42406.8043,7699.70324,1617040.0,0.0,3448.992,246.20000000000002
Nydalskrysset,2021-12-31,4.921120200151777e+20,42345.962400000004,7688.65632,1614720.0,0.0,3763.094,-3526.9
Pellervika,2021-01-31,5.2605078001622575e+20,45297.53976,8119.361279999999,1770720.0,0.0,2615.539,-6874.2
Pellervika,2021-02-28,4.751426400146555e+20,40913.906879999995,7333.616639999999,1599360.0,0.0,2033.384,-4700.4
Pellervika,2021-03-31,5.253437225162039e+20,45236.65597,8108.448159999999,1768340.0,0.0,1826.07,1029.3
Pellervika,2021-04-30,5.090814000157023e+20,43836.328799999996,7857.4464,1713600.0,0.0,1353.55,2819.3
Pellervika,2021-05-31,5.2605078001622575e+20,45297.53976,8119.361279999999,1770720.0,0.0,1022.33,7042.0
Pellervika,2021-06-30,5.090814000157023e+20,43836.328799999996,7857.4464,1713600.0,0.0,792.582,12092.3
Pellervika,2021-07-31,5.2605078001622575e+20,45297.53976,8119.361279999999,1770720.0,0.0,938.123,13547.1
Pellervika,2021-08-31,5.2605078001622575e+20,45297.53976,8119.361279999999,1770720.0,0.0,1308.279,10938.6
Pellervika,2021-09-30,5.090814000157023e+20,43836.328799999996,7857.4464,1713600.0,0.0,1667.465,8370.7
Pellervika,2021-10-31,5.267578375162475e+20,45358.42355,8130.274399999999,1773100.0,0.0,2155.005,5445.8
Pellervika,2021-11-30,5.090814000157023e+20,43836.328799999996,7857.4464,1713600.0,0.0,2477.391,356.2
Pellervika,2021-12-31,4.921120200151789e+20,42375.11784,7595.53152,1656480.0,0.0,2629.596,-3526.9
Ravnåsveien,2021-01-31,5.2605078005686954e+20,43500.29616,6501.31008,3606912.0,700104.0,160.77,-2786.1
Ravnåsveien,2021-02-28,4.75142640051366e+20,39290.59008,5872.15104,3257856.0,632352.0,131.34,-1431.2
Ravnåsveien,2021-03-31,5.253437225567931e+20,43441.82802,6492.57176,3602064.0,699163.0,100.84,2731.7
Ravnåsveien,2021-04-30,5.09081400055035e+20,42097.0608,6291.5904,3490560.0,677520.0,84.89,3543.3
Ravnåsveien,2021-05-31,5.2605078005686954e+20,43500.29616,6501.31008,3606912.0,700104.0,52.6,7030.8
Ravnåsveien,2021-06-30,5.09081400055035e+20,42097.0608,6291.5904,3490560.0,677520.0,40.78,11415.6
Ravnåsveien,2021-07-31,5.2605078005686954e+20,43500.29616,6501.31008,3606912.0,700104.0,42.0,13619.6
Ravnåsveien,2021-08-31,5.2605078005686954e+20,43500.29616,6501.31008,3606912.0,700104.0,42.14,11274.5
Ravnåsveien,2021-09-30,4.75142640051366e+20,39290.59008,5872.15104,3257856.0,632352.0,38.269999999999996,8639.3
Ravnåsveien,2021-10-31,5.0978845755511144e+20,42155.52894,6300.3287199999995,3495408.0,678461.0,49.01,6563.7
Ravnåsveien,2021-11-30,4.921120200532005e+20,40693.82544,6081.87072,3374208.0,654936.0,90.01,2766.7
Ravnåsveien,2021-12-31,5.09081400055035e+20,42097.0608,6291.5904,3490560.0,677520.0,145.92000000000002,-1383.1
Rosstjern,2021-01-31,5.2605078005685033e+20,43562.866559999995,6599.51808,3607656.0,30182592.0,5589.24,-2786.1
Rosstjern,2021-02-28,4.751426400513487e+20,39347.105279999996,5960.8550399999995,3258528.0,27261696.0,4345.66,-1431.2
Rosstjern,2021-03-31,5.2534372255677396e+20,43504.31432,6590.64776,3602807.0,30142024.0,3706.49,2731.7
Rosstjern,2021-04-30,5.0908140005501646e+20,42157.612799999995,6386.6304,3491280.0,29208960.0,2708.56,3543.3
Rosstjern,2021-05-31,5.2605078005685033e+20,43562.866559999995,6599.51808,3607656.0,30182592.0,1922.55,7030.8
Rosstjern,2021-06-30,5.0908140005501646e+20,42157.612799999995,6386.6304,3491280.0,29208960.0,1432.42,11415.6
Rosstjern,2021-07-31,5.2605078005685033e+20,43562.866559999995,6599.51808,3607656.0,30182592.0,1642.6200000000001,13619.6
Rosstjern,2021-08-31,5.2605078005685033e+20,43562.866559999995,6599.51808,3607656.0,30182592.0,2200.11,11274.5
Rosstjern,2021-09-30,4.751426400513487e+20,39347.105279999996,5960.8550399999995,3258528.0,27261696.0,2658.68,8639.3
Rosstjern,2021-10-31,5.097884575550929e+20,42216.16504,6395.50072,3496129.0,29249528.0,3697.75,6563.7
Rosstjern,2021-11-30,4.921120200531826e+20,40752.359039999996,6173.742719999999,3374904.0,28235328.0,4665.06,2766.7
Rosstjern,2021-12-31,5.0908140005501646e+20,42157.612799999995,6386.6304,3491280.0,29208960.0,5562.67,-1383.1
Rudsflata,2021-01-31,5.2605078001530785e+20,45321.132,8026.651440000001,1755840.0,0.0,2554.896,0.0
Rudsflata,2021-02-28,4.7514264001382646e+20,40935.216,7249.878720000001,1585920.0,0.0,2307.648,0.0
Rudsflata,2021-03-31,5.253437225152873e+20,45260.2165,8015.86293,1753480.0,0.0,2551.462,0.0
Rudsflata,2021-04-30,5.0908140001481405e+20,43859.16,7767.7272,1699200.0,0.0,1749.913,0.0
Rudsflata,2021-05-31,5.2605078001530785e+20,45321.132,8026.651440000001,1755840.0,0.0,1181.04,0.0
Rudsflata,2021-06-30,5.0908140001481405e+20,43859.16,7767.7272,1699200.0,0.0,850.161,0.0
Rudsflata,2021-07-31,5.2605078001530785e+20,45321.132,8026.651440000001,1755840.0,0.0,1037.994,0.0
Rudsflata,2021-08-31,5.2605078001530785e+20,45321.132,8026.651440000001,1755840.0,0.0,1488.313,0.0
Rudsflata,2021-09-30,5.0908140001481405e+20,43859.16,7767.7272,1699200.0,0.0,1930.564,0.0
Rudsflata,2021-10-31,5.2675783751532845e+20,45382.0475,8037.43995,1758200.0,0.0,2527.868,0.0
Rudsflata,2021-11-30,5.0908140001481405e+20,43859.16,7767.7272,1699200.0,0.0,3029.279,0.0
Rudsflata,2021-12-31,4.9211202001432025e+20,42397.188,7508.80296,1642560.0,0.0,3339.767,0.0
Rudsvegen,2021-01-31,5.2605078001530366e+20,45318.33456,8044.32888,1755840.0,0.0,7676.459,0.0
Rudsvegen,2021-02-28,4.7514264001382266e+20,40932.68928,7265.84544,1585920.0,0.0,6006.422,0.0
Rudsvegen,2021-03-31,5.253437225152831e+20,45257.42282,8033.51661,1753480.0,0.0,5446.129,0.0
Rudsvegen,2021-04-30,5.0908140001481e+20,43856.4528,7784.8344,1699200.0,0.0,4051.763,0.0
Rudsvegen,2021-05-31,5.2605078001530366e+20,45318.33456,8044.32888,1755840.0,0.0,2982.99,0.0
Rudsvegen,2021-06-30,5.0908140001481e+20,43856.4528,7784.8344,1699200.0,0.0,2160.134,0.0
Rudsvegen,2021-07-31,5.2605078001530366e+20,45318.33456,8044.32888,1755840.0,0.0,2648.829,0.0
Rudsvegen,2021-08-31,5.2605078001530366e+20,45318.33456,8044.32888,1755840.0,0.0,3763.233,0.0
Rudsvegen,2021-09-30,5.0908140001481e+20,43856.4528,7784.8344,1699200.0,0.0,4865.137,0.0
Rudsvegen,2021-10-31,5.2675783751532426e+20,45379.2463,8055.1411499999995,1758200.0,0.0,6271.194,0.0
Rudsvegen,2021-11-30,4.928190775143369e+20,42455.48278,7536.15219,1644920.0,0.0,6982.253,0.0
Rudsvegen,2021-12-31,4.921120200143163e+20,42394.57104,7525.339919999999,1642560.0,0.0,7507.539,0.0
Rugtvedtveien,2021-01-31,5.260507800314888e+20,43922.7468,7199.5764,2947728.0,57745560.0,9508.3,-2878.7
Rugtvedtveien,2021-02-28,4.751426400284415e+20,39672.1584,6502.8432,2662464.0,52157280.0,7521.1,-1582.4
Rugtvedtveien,2021-03-31,5.253437225314465e+20,43863.71085,7189.89955,2943766.0,57667945.0,6865.8,2807.7
Rugtvedtveien,2021-04-30,5.090814000304731e+20,42505.884,6967.332,2852640.0,55882800.0,5283.3,4044.2
Rugtvedtveien,2021-05-31,5.260507800314888e+20,43922.7468,7199.5764,2947728.0,57745560.0,4188.6,7117.8
Rugtvedtveien,2021-06-30,5.090814000304731e+20,42505.884,6967.332,2852640.0,55882800.0,3058.6,11617.3
Rugtvedtveien,2021-07-31,5.260507800314888e+20,43922.7468,7199.5764,2947728.0,57745560.0,3445.2000000000003,14222.8
Rugtvedtveien,2021-08-31,5.260507800314888e+20,43922.7468,7199.5764,2947728.0,57745560.0,4616.5,12044.5
Rugtvedtveien,2021-09-30,4.751426400284415e+20,39672.1584,6502.8432,2662464.0,52157280.0,5623.8,8827.6
Rugtvedtveien,2021-10-31,5.097884575305154e+20,42564.91995,6977.00885,2856602.0,55960415.0,7732.7,6786.6
Rugtvedtveien,2021-11-30,4.921120200294573e+20,41089.0212,6735.0876,2757552.0,54020040.0,9336.4,2765.2
Rugtvedtveien,2021-12-31,4.921120200294573e+20,41089.0212,6735.0876,2757552.0,54020040.0,8188.8,-1414.1
Røsslyngvegen,2021-01-31,5.260507800153082e+20,45320.44008,7972.287359999999,1778160.0,0.0,1150.945,0.0
Røsslyngvegen,2021-02-28,4.751426400138267e+20,40934.59104,7200.77568,1606080.0,0.0,943.648,0.0
Røsslyngvegen,2021-03-31,5.253437225152876e+20,45259.52551,7961.571919999999,1775770.0,0.0,908.004,0.0
Røsslyngvegen,2021-04-30,5.090814000148144e+20,43858.490399999995,7715.1168,1720800.0,0.0,734.881,0.0
Røsslyngvegen,2021-05-31,5.260507800153082e+20,45320.44008,7972.287359999999,1778160.0,0.0,616.28,0.0
Røsslyngvegen,2021-06-30,5.090814000148144e+20,43858.490399999995,7715.1168,1720800.0,0.0,661.654,0.0
Røsslyngvegen,2021-07-31,5.260507800153082e+20,45320.44008,7972.287359999999,1778160.0,0.0,865.3389999999999,0.0
Røsslyngvegen,2021-08-31,5.260507800153082e+20,45320.44008,7972.287359999999,1778160.0,0.0,1066.734,0.0
Røsslyngvegen,2021-09-30,5.090814000148144e+20,43858.490399999995,7715.1168,1720800.0,0.0,1084.569,0.0
Røsslyngvegen,2021-10-31,5.267578375153287e+20,45381.35465,7983.002799999999,1780550.0,0.0,1047.489,0.0
Røsslyngvegen,2021-11-30,5.090814000148144e+20,43858.490399999995,7715.1168,1720800.0,0.0,1182.607,0.0
Røsslyngvegen,2021-12-31,4.921120200143205e+20,42396.54072,7457.946239999999,1663440.0,0.0,1263.557,0.0
Sandnesheiatunnel,2021-09-30,1.527244200165246e+20,12536.56872,1619.6414399999999,975456.0,118602360.0,14339.470000000001,2876.7
Sandnesheiatunnel,2021-10-31,5.267578375569946e+20,43239.55415,5586.2633,3364420.0,409068325.0,53066.350000000006,8007.9
Sandnesheiatunnel,2021-11-30,4.9211202005324595e+20,40395.61032,5218.84464,3143136.0,382163160.0,49576.08,4412.8
Sandnesheiatunnel,2021-12-31,5.09081400055082e+20,41788.5624,5398.8048,3251520.0,395341200.0,35836.08,725.6
Skap,2021-01-31,5.260507800568514e+20,43523.5536,6543.2419199999995,3606912.0,63387312.0,10961.6,-2786.1
Skap,2021-02-28,4.751426400513497e+20,39311.5968,5910.02496,3257856.0,57253056.0,8813.6,-1431.2
Skap,2021-03-31,5.25343722556775e+20,43465.0542,6534.4472399999995,3602064.0,63302114.0,7728.8,2731.7
Skap,2021-04-30,5.090814000550175e+20,42119.568,6332.169599999999,3490560.0,61342560.0,6157.6,3543.3
Skap,2021-05-31,5.260507800568514e+20,43523.5536,6543.2419199999995,3606912.0,63387312.0,4833.6,7030.8
Skap,2021-06-30,5.090814000550175e+20,42119.568,6332.169599999999,3490560.0,61342560.0,3939.2,11415.6
Skap,2021-07-31,5.260507800568514e+20,43523.5536,6543.2419199999995,3606912.0,63387312.0,4350.4,13619.6
Skap,2021-08-31,5.260507800568514e+20,43523.5536,6543.2419199999995,3606912.0,63387312.0,5287.2,11274.5
Skap,2021-09-30,4.751426400513497e+20,39311.5968,5910.02496,3257856.0,57253056.0,5754.4,8639.3
Skap,2021-10-31,5.097884575550939e+20,42178.0674,6340.96428,3495408.0,61427758.0,7401.6,6563.7
Skap,2021-11-30,4.9211202005318356e+20,40715.5824,6121.09728,3374208.0,59297808.0,8720.25,2766.7
Skap,2021-12-31,5.090814000550175e+20,42119.568,6332.169599999999,3490560.0,61342560.0,10425.85,-1383.1
Skarkedalen,2021-01-31,5.2605078005685033e+20,43555.359599999996,6589.8312000000005,3607656.0,36625632.0,6488.0,-2786.1
Skarkedalen,2021-02-28,4.751426400513487e+20,39340.3248,5952.1056,3258528.0,33081216.0,5159.57,-1431.2
Skarkedalen,2021-03-31,5.2534372255677396e+20,43496.81745,6580.9739,3602807.0,36576404.0,4531.84,2731.7
Skarkedalen,2021-04-30,5.0908140005501646e+20,42150.348,6377.256,3491280.0,35444160.0,3458.98,3543.3
Skarkedalen,2021-05-31,5.2605078005685033e+20,43555.359599999996,6589.8312000000005,3607656.0,36625632.0,2556.6,7030.8
Skarkedalen,2021-06-30,5.0908140005501646e+20,42150.348,6377.256,3491280.0,35444160.0,1957.3700000000001,11415.6
Skarkedalen,2021-07-31,5.2605078005685033e+20,43555.359599999996,6589.8312000000005,3607656.0,36625632.0,2210.89,13619.6
Skarkedalen,2021-08-31,5.2605078005685033e+20,43555.359599999996,6589.8312000000005,3607656.0,36625632.0,2854.11,11274.5
Skarkedalen,2021-09-30,4.751426400513487e+20,39340.3248,5952.1056,3258528.0,33081216.0,3284.51,8639.3
Skarkedalen,2021-10-31,5.097884575550929e+20,42208.89015,6386.1133,3496129.0,35493388.0,4392.68,6563.7
Skarkedalen,2021-11-30,4.921120200531826e+20,40745.3364,6164.6808,3374904.0,34262688.0,5382.62,2766.7
Skarkedalen,2021-12-31,5.0908140005501646e+20,42150.348,6377.256,3491280.0,35444160.0,6439.85,-1383.1
Skrubbedalen,2021-01-31,5.260507800568406e+20,43593.31848,6619.702799999999,3607656.0,26790696.0,5085.12,-2786.1
Skrubbedalen,2021-02-28,4.7514264005133985e+20,39374.61024,5979.086399999999,3258528.0,24198048.0,3917.02,-1431.2
Skrubbedalen,2021-03-31,5.253437225567641e+20,43534.72531,6610.80535,3602807.0,26754687.0,3295.91,2731.7
Skrubbedalen,2021-04-30,5.09081400055007e+20,42187.0824,6406.164,3491280.0,25926480.0,2370.96,3543.3
Skrubbedalen,2021-05-31,5.260507800568406e+20,43593.31848,6619.702799999999,3607656.0,26790696.0,1657.83,7030.8
Skrubbedalen,2021-06-30,5.09081400055007e+20,42187.0824,6406.164,3491280.0,25926480.0,1213.36,11415.6
Skrubbedalen,2021-07-31,5.260507800568406e+20,43593.31848,6619.702799999999,3607656.0,26790696.0,1394.52,13619.6
Skrubbedalen,2021-08-31,5.260507800568406e+20,43593.31848,6619.702799999999,3607656.0,26790696.0,1886.5,11274.5
Skrubbedalen,2021-09-30,4.7514264005133985e+20,39374.61024,5979.086399999999,3258528.0,24198048.0,2312.93,8639.3
Skrubbedalen,2021-10-31,5.097884575550834e+20,42245.67557,6415.061449999999,3496129.0,25962489.0,3285.18,6563.7
Skrubbedalen,2021-11-30,4.921120200531734e+20,40780.84632,6192.6251999999995,3374904.0,25062264.0,4177.6,2766.7
Skrubbedalen,2021-12-31,5.09081400055007e+20,42187.0824,6406.164,3491280.0,25926480.0,4986.68,-1383.1
Strandvegen,2021-01-31,5.260507800162246e+20,45288.26208,8144.8284,1770720.0,0.0,4633.561,-6874.2
Strandvegen,2021-02-28,4.7514264001465444e+20,40905.52704,7356.6192,1599360.0,0.0,3597.509,-4700.4
Strandvegen,2021-03-31,5.253437225162028e+20,45227.390759999995,8133.88105,1768340.0,0.0,3229.291,1029.3
Strandvegen,2021-04-30,5.090814000157012e+20,43827.350399999996,7882.092000000001,1713600.0,0.0,2384.6,2819.3
Strandvegen,2021-05-31,5.260507800162246e+20,45288.26208,8144.8284,1770720.0,0.0,1887.945,7042.0
Strandvegen,2021-06-30,5.090814000157012e+20,43827.350399999996,7882.092000000001,1713600.0,0.0,1503.254,12092.3
Strandvegen,2021-07-31,5.260507800162246e+20,45288.26208,8144.8284,1770720.0,0.0,1784.478,13547.1
Strandvegen,2021-08-31,5.260507800162246e+20,45288.26208,8144.8284,1770720.0,0.0,2443.421,10938.6
Strandvegen,2021-09-30,5.090814000157012e+20,43827.350399999996,7882.092000000001,1713600.0,0.0,3082.119,8370.7
Strandvegen,2021-10-31,5.267578375162464e+20,45349.1334,8155.77575,1773100.0,0.0,4035.889,5445.8
Strandvegen,2021-11-30,4.9281907751519964e+20,42427.31004,7630.30295,1658860.0,0.0,4534.744,246.20000000000002
Strandvegen,2021-12-31,4.9211202001517786e+20,42366.43872,7619.3556,1656480.0,0.0,4883.31,-3526.9
Tennskap 743.020,2021-09-30,3.5635698003856445e+20,29279.63304,3842.4153600000004,2276064.0,3150000.0,105.21,6788.7
Tennskap 743.020,2021-10-31,5.2675783755700496e+20,43280.40995,5679.7608,3364420.0,4656250.0,225.12,8007.9
Tennskap 743.020,2021-11-30,4.9211202005325565e+20,40433.77896,5306.19264,3143136.0,4350000.0,3430.26,4412.8
Tennskap 743.020,2021-12-31,5.09081400055092e+20,41828.0472,5489.1648000000005,3251520.0,4500000.0,4429.23,725.6
Tennskap 743.030,2021-10-31,2.3827837752578602e+20,19574.331589999998,2562.88837,1521892.0,20789530.0,6.23,3419.4
Tennskap 743.030,2021-11-30,4.921120200532554e+20,40426.51272,5293.08696,3143136.0,42936240.0,7863.71,4412.8
Tennskap 743.030,2021-12-31,5.0908140005509176e+20,41820.530399999996,5475.6072,3251520.0,44416800.0,9422.42,725.6
Tennskap 743.040,2021-10-31,2.3827837752578615e+20,19570.74591,2554.4060799999997,1521892.0,25090998.0,322.89,3419.4
Tennskap 743.040,2021-11-30,4.9211202005325565e+20,40419.107280000004,5275.5686399999995,3143136.0,51819984.0,9079.91,4412.8
Tennskap 743.040,2021-12-31,5.09081400055092e+20,41812.8696,5457.4848,3251520.0,53606880.0,9422.66,725.6
Tennskap 743.050,2021-09-30,1.1878566001285485e+20,9755.86248,1268.9308800000001,758688.0,4290552.0,1.9600000000000002,2211.1
Tennskap 743.050,2021-10-31,5.2675783755700516e+20,43262.60445,5627.1042,3364420.0,19026555.0,206.51,8007.9
Tennskap 743.050,2021-11-30,4.9211202005325585e+20,40417.14456,5256.99936,3143136.0,17775144.0,3258.41,4412.8
Tennskap 743.050,2021-12-31,5.090814000550922e+20,41810.8392,5438.2752,3251520.0,18388080.0,8260.98,725.6
Tennskap 743.060,2021-08-31,2.036325600220369e+20,16723.56672,2169.91296,1300608.0,630720.0,35.93,4427.1
Tennskap 743.060,2021-09-30,4.751426400514194e+20,39021.65568,5063.1302399999995,3034752.0,1471680.0,99.91,9373.5
Tennskap 743.060,2021-10-31,5.097884575551687e+20,41866.98474,5432.31682,3256036.0,1578990.0,201.9,7706.9
Tennskap 743.060,2021-11-30,4.9211202005325585e+20,40415.28624,5243.95632,3143136.0,1524240.0,2661.71,4412.8
Tennskap 743.060,2021-12-31,5.090814000550922e+20,41808.9168,5424.7824,3251520.0,1576800.0,5538.56,725.6
Tennskap 743.203,2021-09-30,2.3757132002570938e+20,19505.57952,2524.77792,1517376.0,64512.0,5.99,4280.2
Tennskap 743.203,2021-10-31,5.267578375570044e+20,43248.9784,5598.0939,3364420.0,143040.0,16.35,8007.9
Tennskap 743.203,2021-11-30,4.921120200532551e+20,40404.41472,5229.89712,3143136.0,133632.0,4610.21,4412.8
Tennskap 743.203,2021-12-31,5.090814000550915e+20,41797.6704,5410.2384,3251520.0,138240.0,6225.82,725.6
Tennskap 743.204,2021-09-30,1.1878566001285469e+20,9750.11856,1258.9836,758688.0,4400592.0,1.6400000000000001,2211.1
Tennskap 743.204,2021-10-31,5.267578375570044e+20,43237.1329,5582.99275,3364420.0,19514530.0,2626.17,8007.9
Tennskap 743.204,2021-11-30,4.921120200532551e+20,40393.34832,5215.7892,3143136.0,18231024.0,2661.99,4412.8
Tennskap 743.204,2021-12-31,5.090814000550915e+20,41786.2224,5395.644,3251520.0,18859680.0,2810.86,725.6
Torsbuås0,2021-01-31,5.26050780056861e+20,43508.733120000004,6512.5221599999995,3606912.0,185439768.0,13248.8,-2786.1
Torsbuås0,2021-02-28,4.7514264005135833e+20,39298.21056,5882.27808,3257856.0,167493984.0,15186.4,-1431.2
Torsbuås0,2021-03-31,5.253437225567846e+20,43450.25364,6503.76877,3602064.0,185190521.0,22257.6,2731.7
Torsbuås0,2021-04-30,5.090814000550268e+20,42105.225600000005,6302.440799999999,3490560.0,179457840.0,28714.4,3543.3
Torsbuås0,2021-05-31,5.26050780056861e+20,43508.733120000004,6512.5221599999995,3606912.0,185439768.0,28587.2,7030.8
Torsbuås0,2021-06-30,5.090814000550268e+20,42105.225600000005,6302.440799999999,3490560.0,179457840.0,30368.8,11415.6
Torsbuås0,2021-07-31,5.26050780056861e+20,43508.733120000004,6512.5221599999995,3606912.0,185439768.0,29446.4,13619.6
Torsbuås0,2021-08-31,5.26050780056861e+20,43508.733120000004,6512.5221599999995,3606912.0,185439768.0,26818.4,11274.5
Torsbuås0,2021-09-30,4.7514264005135833e+20,39298.21056,5882.27808,3257856.0,167493984.0,17359.2,8639.3
Torsbuås0,2021-10-31,5.0978845755510325e+20,42163.70508,6311.194189999999,3495408.0,179707087.0,14554.4,6563.7
Torsbuås0,2021-11-30,4.921120200531926e+20,40701.71808,6092.359439999999,3374208.0,173475912.0,11408.81,2766.7
Torsbuås0,2021-12-31,5.090814000550268e+20,42105.225600000005,6302.440799999999,3490560.0,179457840.0,11996.8,-1383.1
Torsbuås1,2021-01-31,5.26050780056861e+20,43510.39224,6513.84648,3606912.0,247997520.0,21360.0,-2786.1
Torsbuås1,2021-02-28,4.7514264005135833e+20,39299.70912,5883.47424,3257856.0,223997760.0,24949.2,-1431.2
Torsbuås1,2021-03-31,5.253437225567846e+20,43451.91053,6505.09131,3602064.0,247664190.0,27326.4,2731.7
Torsbuås1,2021-04-30,5.090814000550268e+20,42106.8312,6303.7224,3490560.0,239997600.0,38371.2,3543.3
Torsbuås1,2021-05-31,5.26050780056861e+20,43510.39224,6513.84648,3606912.0,247997520.0,36762.0,7030.8
Torsbuås1,2021-06-30,5.090814000550268e+20,42106.8312,6303.7224,3490560.0,239997600.0,39790.8,11415.6
Torsbuås1,2021-07-31,5.26050780056861e+20,43510.39224,6513.84648,3606912.0,247997520.0,39778.8,13619.6
Torsbuås1,2021-08-31,5.26050780056861e+20,43510.39224,6513.84648,3606912.0,247997520.0,35738.4,11274.5
Torsbuås1,2021-09-30,4.7514264005135833e+20,39299.70912,5883.47424,3257856.0,223997760.0,22442.4,8639.3
Torsbuås1,2021-10-31,5.0978845755510325e+20,42165.31291,6312.47757,3495408.0,240330930.0,18252.0,6563.7
Torsbuås1,2021-11-30,4.921120200531926e+20,40703.27016,6093.59832,3374208.0,231997680.0,14524.8,2766.7
Torsbuås1,2021-12-31,5.090814000550268e+20,42106.8312,6303.7224,3490560.0,239997600.0,18199.2,-1383.1
Trælfjell,2021-01-31,5.2605078005685715e+20,43544.26656,6582.32424,3606912.0,166440240.0,14941.6,-2786.1
Trælfjell,2021-02-28,4.751426400513548e+20,39330.30528,5945.32512,3257856.0,150333120.0,17284.8,-1431.2
Trælfjell,2021-03-31,5.253437225567807e+20,43485.73932,6573.47703,3602064.0,166216530.0,18717.6,2731.7
Trælfjell,2021-04-30,5.09081400055023e+20,42139.6128,6369.9912,3490560.0,161071200.0,23740.8,3543.3
Trælfjell,2021-05-31,5.2605078005685715e+20,43544.26656,6582.32424,3606912.0,166440240.0,22565.6,7030.8
Trælfjell,2021-06-30,5.09081400055023e+20,42139.6128,6369.9912,3490560.0,161071200.0,25412.8,11415.6
Trælfjell,2021-07-31,5.2605078005685715e+20,43544.26656,6582.32424,3606912.0,166440240.0,25941.6,13619.6
Trælfjell,2021-08-31,5.2605078005685715e+20,43544.26656,6582.32424,3606912.0,166440240.0,23357.6,11274.5
Trælfjell,2021-09-30,4.751426400513548e+20,39330.30528,5945.32512,3257856.0,150333120.0,15459.2,8639.3
Trælfjell,2021-10-31,5.0978845755509945e+20,42198.14004,6378.83841,3495408.0,161294910.0,13858.4,6563.7
Trælfjell,2021-11-30,4.9211202005318894e+20,40734.95904,6157.65816,3374208.0,155702160.0,11109.06,2766.7
Trælfjell,2021-12-31,5.09081400055023e+20,42139.6128,6369.9912,3490560.0,161071200.0,13507.2,-1383.1
Ulvegutua,2021-01-31,5.260507800153061e+20,45319.77792,8006.8536,1755840.0,0.0,3712.978,0.0
Ulvegutua,2021-02-28,4.751426400138248e+20,40933.99296,7231.996800000001,1585920.0,0.0,2933.167,0.0
Ulvegutua,2021-03-31,5.253437225152855e+20,45258.86424,7996.091700000001,1753480.0,0.0,2692.208,0.0
Ulvegutua,2021-04-30,5.0908140001481235e+20,43857.8496,7748.568,1699200.0,0.0,2064.3,0.0
Ulvegutua,2021-05-31,5.260507800153061e+20,45319.77792,8006.8536,1755840.0,0.0,1585.356,0.0
Ulvegutua,2021-06-30,5.0908140001481235e+20,43857.8496,7748.568,1699200.0,0.0,1179.673,0.0
Ulvegutua,2021-07-31,5.260507800153061e+20,45319.77792,8006.8536,1755840.0,0.0,1367.678,0.0
Ulvegutua,2021-08-31,5.260507800153061e+20,45319.77792,8006.8536,1755840.0,0.0,1864.469,0.0
Ulvegutua,2021-09-30,5.0908140001481235e+20,43857.8496,7748.568,1699200.0,0.0,2341.054,0.0
Ulvegutua,2021-10-31,5.267578375153266e+20,45380.6916,8017.615500000001,1758200.0,0.0,2994.284,0.0
Ulvegutua,2021-11-30,5.0908140001481235e+20,43857.8496,7748.568,1699200.0,0.0,3408.272,0.0
Ulvegutua,2021-12-31,4.9211202001431855e+20,42395.92128,7490.2824,1642560.0,0.0,3589.932,0.0
Vennevannsliene,2021-01-31,5.260507800568402e+20,43601.69592,6621.58512,3607656.0,40458720.0,7160.0,-2786.1
Vennevannsliene,2021-02-28,4.751426400513395e+20,39382.17696,5980.78656,3258528.0,36543360.0,5676.8,-1431.2
Vennevannsliene,2021-03-31,5.253437225567638e+20,43543.09149,6612.68514,3602807.0,40404340.0,5021.6,2731.7
Vennevannsliene,2021-04-30,5.090814000550066e+20,42195.1896,6407.9856,3491280.0,39153600.0,4025.6,3543.3
Vennevannsliene,2021-05-31,5.260507800568402e+20,43601.69592,6621.58512,3607656.0,40458720.0,3124.8,7030.8
Vennevannsliene,2021-06-30,5.090814000550066e+20,42195.1896,6407.9856,3491280.0,39153600.0,2676.0,11415.6
Vennevannsliene,2021-07-31,5.260507800568402e+20,43601.69592,6621.58512,3607656.0,40458720.0,2813.6,13619.6
Vennevannsliene,2021-08-31,5.260507800568402e+20,43601.69592,6621.58512,3607656.0,40458720.0,3280.0,11274.5
Vennevannsliene,2021-09-30,4.751426400513395e+20,39382.17696,5980.78656,3258528.0,36543360.0,3444.8,8639.3
Vennevannsliene,2021-10-31,5.09788457555083e+20,42253.79403,6416.885579999999,3496129.0,39207980.0,4515.2,6563.7
Vennevannsliene,2021-11-30,4.921120200531731e+20,40788.68328,6194.386079999999,3374904.0,37848480.0,5570.13,2766.7
Vennevannsliene,2021-12-31,5.090814000550066e+20,42195.1896,6407.9856,3491280.0,39153600.0,6880.8,-1383.1
Årdalen,2021-01-31,5.2605078005685033e+20,43571.48208,6616.897919999999,3607656.0,32957712.0,5882.59,-2786.1
Årdalen,2021-02-28,4.751426400513487e+20,39354.88704,5976.55296,3258528.0,29768256.0,4616.51,-1431.2
Årdalen,2021-03-31,5.2534372255677396e+20,43512.91826,6608.00424,3602807.0,32913414.0,4033.18,2731.7
Årdalen,2021-04-30,5.0908140005501646e+20,42165.9504,6403.4496,3491280.0,31894560.0,2972.78,3543.3
Årdalen,2021-05-31,5.2605078005685033e+20,43571.48208,6616.897919999999,3607656.0,32957712.0,2181.35,7030.8
Årdalen,2021-06-30,5.0908140005501646e+20,42165.9504,6403.4496,3491280.0,31894560.0,1649.34,11415.6
Årdalen,2021-07-31,5.2605078005685033e+20,43571.48208,6616.897919999999,3607656.0,32957712.0,1888.77,13619.6
Årdalen,2021-08-31,5.2605078005685033e+20,43571.48208,6616.897919999999,3607656.0,32957712.0,2517.43,11274.5
Årdalen,2021-09-30,4.751426400513487e+20,39354.88704,5976.55296,3258528.0,29768256.0,3012.93,8639.3
Årdalen,2021-10-31,5.097884575550929e+20,42224.51422,6412.34328,3496129.0,31938858.0,4118.88,6563.7
Årdalen,2021-11-30,4.921120200531826e+20,40760.41872,6190.0012799999995,3374904.0,30831408.0,4996.98,2766.7
Årdalen,2021-12-31,5.0908140005501646e+20,42165.9504,6403.4496,3491280.0,31894560.0,5883.35,-1383.1
Åshøgdvegen,2021-01-31,5.2605078001530634e+20,45306.2892,8067.8988,1755840.0,0.0,5877.281,0.0
Åshøgdvegen,2021-02-28,4.751426400138251e+20,40921.8096,7287.1344,1585920.0,0.0,4797.99,0.0
Åshøgdvegen,2021-03-31,5.253437225152858e+20,45245.39365,8057.0548499999995,1753480.0,0.0,4365.894,0.0
Åshøgdvegen,2021-04-30,5.090814000148126e+20,43844.796,7807.643999999999,1699200.0,0.0,3361.537,0.0
Åshøgdvegen,2021-05-31,5.2605078001530634e+20,45306.2892,8067.8988,1755840.0,0.0,2536.543,0.0
Åshøgdvegen,2021-06-30,5.090814000148126e+20,43844.796,7807.643999999999,1699200.0,0.0,1850.977,0.0
Åshøgdvegen,2021-07-31,5.2605078001530634e+20,45306.2892,8067.8988,1755840.0,0.0,1960.874,0.0
Åshøgdvegen,2021-08-31,5.2605078001530634e+20,45306.2892,8067.8988,1755840.0,0.0,2843.745,0.0
Åshøgdvegen,2021-09-30,5.090814000148126e+20,43844.796,7807.643999999999,1699200.0,0.0,3587.41,0.0
Åshøgdvegen,2021-10-31,5.2675783751532695e+20,45367.18475,8078.742749999999,1758200.0,0.0,4591.856,0.0
Åshøgdvegen,2021-11-30,4.928190775143394e+20,42444.19835,7558.23315,1644920.0,0.0,5288.817,0.0
Åshøgdvegen,2021-12-31,4.921120200143189e+20,42383.3028,7547.3892,1642560.0,0.0,5471.468,0.0
